
=================================================================
  DEPTHWIZARD: OVERNIGHT 100% DATASET TRAINING ENGINE
  Device: NVIDIA GeForce RTX 4060 Laptop GPU (8.59 GB VRAM)
  Batch Size: 8 | Epochs: 12 | Mixed Precision: FP16 AMP
  Logging to: E:\rishabh\sih\DepthWizard\backend\logs\training_full_overnight.log
  Telemetry: E:\rishabh\sih\DepthWizard\backend\logs\training_full_overnight.jsonl
=================================================================

[04:18:45] Scanning repository files for earthflow/GAMUS (train)...

=================================================================
  DEPTHWIZARD: OVERNIGHT 100% DATASET TRAINING ENGINE
  Device: NVIDIA GeForce RTX 4060 Laptop GPU (8.59 GB VRAM)
  Batch Size: 8 | Epochs: 12 | Mixed Precision: FP16 AMP
  Logging to: E:\rishabh\sih\DepthWizard\backend\logs\training_full_overnight.log
  Telemetry: E:\rishabh\sih\DepthWizard\backend\logs\training_full_overnight.jsonl
=================================================================

[04:19:21] Loading discovered tiles from local cache (data\gamus_file_list.json)...
[04:19:21] Discovered 3837 tiles in repo. Initializing multi-threaded download (8 workers)...
[04:21:27] Downloaded/Verified: 250/3837 tiles (1000 patches) | Rate: 2.0 tiles/s
[04:23:38] Downloaded/Verified: 500/3837 tiles (2000 patches) | Rate: 1.9 tiles/s
[04:25:54] Downloaded/Verified: 750/3837 tiles (3000 patches) | Rate: 1.9 tiles/s
[04:28:07] Downloaded/Verified: 1000/3837 tiles (4000 patches) | Rate: 1.9 tiles/s
[04:30:25] Downloaded/Verified: 1250/3837 tiles (5000 patches) | Rate: 1.9 tiles/s
[04:32:36] Downloaded/Verified: 1500/3837 tiles (6000 patches) | Rate: 1.9 tiles/s
[04:34:58] Downloaded/Verified: 1750/3837 tiles (7000 patches) | Rate: 1.9 tiles/s
[04:37:14] Downloaded/Verified: 2000/3837 tiles (8000 patches) | Rate: 1.9 tiles/s
[04:39:33] Downloaded/Verified: 2250/3837 tiles (9000 patches) | Rate: 1.9 tiles/s
[04:41:53] Downloaded/Verified: 2500/3837 tiles (10000 patches) | Rate: 1.8 tiles/s
[04:44:09] Downloaded/Verified: 2750/3837 tiles (11000 patches) | Rate: 1.8 tiles/s
[04:46:25] Downloaded/Verified: 3000/3837 tiles (12000 patches) | Rate: 1.8 tiles/s
[04:48:43] Downloaded/Verified: 3250/3837 tiles (13000 patches) | Rate: 1.8 tiles/s
[04:51:05] Downloaded/Verified: 3500/3837 tiles (14000 patches) | Rate: 1.8 tiles/s
[04:53:27] Downloaded/Verified: 3750/3837 tiles (15000 patches) | Rate: 1.8 tiles/s
[04:54:15] Downloaded/Verified: 3837/3837 tiles (15348 patches) | Rate: 1.8 tiles/s
[04:54:15] Dataset ready! Total 512x512 patches: 15348
[04:54:15] Initializing model depth-anything/Depth-Anything-V2-Small-hf...
[04:54:23] Bootstrapping from existing weights: E:\rishabh\sih\DepthWizard\backend\weights\best_model.pth
[04:54:23] Successfully loaded warm weights! Initial baseline loss: 1.1911730985252225

[04:54:24] Commencing training loop: 1918 batches/epoch, 12 epochs total.


=================================================================
  DEPTHWIZARD: OVERNIGHT 100% DATASET TRAINING ENGINE
  Device: NVIDIA GeForce RTX 4060 Laptop GPU (8.59 GB VRAM)
  Batch Size: 8 | Epochs: 12 | Mixed Precision: FP16 AMP
  Logging to: E:\rishabh\sih\DepthWizard\backend\logs\training_full_overnight.log
  Telemetry: E:\rishabh\sih\DepthWizard\backend\logs\training_full_overnight.jsonl
=================================================================

[04:57:09] Loading discovered tiles from local cache (data\gamus_file_list.json)...
[04:57:09] Discovered 3837 tiles in repo. Initializing multi-threaded download (8 workers)...
[04:57:30] Downloaded/Verified: 250/3837 tiles (1000 patches) | Rate: 12.3 tiles/s
[04:57:49] Downloaded/Verified: 500/3837 tiles (2000 patches) | Rate: 12.7 tiles/s
[04:58:06] Downloaded/Verified: 750/3837 tiles (3000 patches) | Rate: 13.3 tiles/s
[04:58:22] Downloaded/Verified: 1000/3837 tiles (4000 patches) | Rate: 13.8 tiles/s
[04:58:38] Downloaded/Verified: 1250/3837 tiles (5000 patches) | Rate: 14.1 tiles/s
[04:58:54] Downloaded/Verified: 1500/3837 tiles (6000 patches) | Rate: 14.3 tiles/s
[04:59:10] Downloaded/Verified: 1750/3837 tiles (7000 patches) | Rate: 14.5 tiles/s
[04:59:26] Downloaded/Verified: 2000/3837 tiles (8000 patches) | Rate: 14.6 tiles/s
[04:59:43] Downloaded/Verified: 2250/3837 tiles (9000 patches) | Rate: 14.7 tiles/s
[04:59:59] Downloaded/Verified: 2500/3837 tiles (10000 patches) | Rate: 14.7 tiles/s
[05:00:17] Downloaded/Verified: 2750/3837 tiles (11000 patches) | Rate: 14.7 tiles/s
[05:00:34] Downloaded/Verified: 3000/3837 tiles (12000 patches) | Rate: 14.7 tiles/s
[05:00:52] Downloaded/Verified: 3250/3837 tiles (13000 patches) | Rate: 14.6 tiles/s
[05:01:09] Downloaded/Verified: 3500/3837 tiles (14000 patches) | Rate: 14.6 tiles/s
[05:01:27] Downloaded/Verified: 3750/3837 tiles (15000 patches) | Rate: 14.6 tiles/s
[05:01:33] Downloaded/Verified: 3837/3837 tiles (15348 patches) | Rate: 14.6 tiles/s
[05:01:33] Dataset ready! Total 512x512 patches: 15348
[05:01:33] Initializing model depth-anything/Depth-Anything-V2-Small-hf...
[05:01:34] Bootstrapping from existing weights: E:\rishabh\sih\DepthWizard\backend\weights\best_model.pth
[05:01:34] Successfully loaded warm weights! Initial baseline loss: 1.1911730985252225

[05:01:34] Commencing training loop: 1918 batches/epoch, 12 epochs total.

  [Epoch 01/12] Batch 0050/1918 | Loss: 1.7493 | VRAM: 0.48 GB | LR: 2.50e-04
  [Epoch 01/12] Batch 0100/1918 | Loss: 1.7585 | VRAM: 0.48 GB | LR: 2.50e-04
  [Epoch 01/12] Batch 0150/1918 | Loss: 1.7357 | VRAM: 0.48 GB | LR: 2.50e-04
  [Epoch 01/12] Batch 0200/1918 | Loss: 1.7316 | VRAM: 0.48 GB | LR: 2.50e-04
  [Epoch 01/12] Batch 0250/1918 | Loss: 1.7260 | VRAM: 0.48 GB | LR: 2.50e-04
  [Epoch 01/12] Batch 0300/1918 | Loss: 1.7243 | VRAM: 0.48 GB | LR: 2.50e-04
  [Epoch 01/12] Batch 0350/1918 | Loss: 1.7264 | VRAM: 0.48 GB | LR: 2.50e-04
  [Epoch 01/12] Batch 0400/1918 | Loss: 1.7193 | VRAM: 0.48 GB | LR: 2.50e-04
  [Epoch 01/12] Batch 0450/1918 | Loss: 1.7179 | VRAM: 0.48 GB | LR: 2.50e-04
  [Epoch 01/12] Batch 0500/1918 | Loss: 1.7172 | VRAM: 0.48 GB | LR: 2.50e-04
  [Epoch 01/12] Batch 0550/1918 | Loss: 1.7061 | VRAM: 0.48 GB | LR: 2.50e-04
  [Epoch 01/12] Batch 0600/1918 | Loss: 1.7044 | VRAM: 0.48 GB | LR: 2.50e-04
  [Epoch 01/12] Batch 0650/1918 | Loss: 1.6995 | VRAM: 0.48 GB | LR: 2.50e-04
  [Epoch 01/12] Batch 0700/1918 | Loss: 1.6930 | VRAM: 0.48 GB | LR: 2.50e-04
  [Epoch 01/12] Batch 0750/1918 | Loss: 1.6921 | VRAM: 0.48 GB | LR: 2.50e-04
  [Epoch 01/12] Batch 0800/1918 | Loss: 1.6866 | VRAM: 0.48 GB | LR: 2.50e-04
  [Epoch 01/12] Batch 0850/1918 | Loss: 1.6833 | VRAM: 0.48 GB | LR: 2.50e-04
  [Epoch 01/12] Batch 0900/1918 | Loss: 1.6862 | VRAM: 0.48 GB | LR: 2.50e-04
  [Epoch 01/12] Batch 0950/1918 | Loss: 1.6830 | VRAM: 0.48 GB | LR: 2.50e-04
  [Epoch 01/12] Batch 1000/1918 | Loss: 1.6836 | VRAM: 0.48 GB | LR: 2.50e-04
  [Epoch 01/12] Batch 1050/1918 | Loss: 1.6794 | VRAM: 0.48 GB | LR: 2.50e-04
  [Epoch 01/12] Batch 1100/1918 | Loss: 1.6779 | VRAM: 0.48 GB | LR: 2.50e-04
  [Epoch 01/12] Batch 1150/1918 | Loss: 1.6728 | VRAM: 0.48 GB | LR: 2.50e-04
  [Epoch 01/12] Batch 1200/1918 | Loss: 1.6708 | VRAM: 0.48 GB | LR: 2.50e-04
  [Epoch 01/12] Batch 1250/1918 | Loss: 1.6691 | VRAM: 0.48 GB | LR: 2.50e-04
  [Epoch 01/12] Batch 1300/1918 | Loss: 1.6670 | VRAM: 0.48 GB | LR: 2.50e-04
  [Epoch 01/12] Batch 1350/1918 | Loss: 1.6645 | VRAM: 0.48 GB | LR: 2.50e-04
  [Epoch 01/12] Batch 1400/1918 | Loss: 1.6609 | VRAM: 0.48 GB | LR: 2.50e-04
  [Epoch 01/12] Batch 1450/1918 | Loss: 1.6594 | VRAM: 0.48 GB | LR: 2.50e-04
  [Epoch 01/12] Batch 1500/1918 | Loss: 1.6578 | VRAM: 0.48 GB | LR: 2.50e-04
  [Epoch 01/12] Batch 1550/1918 | Loss: 1.6548 | VRAM: 0.48 GB | LR: 2.50e-04
  [Epoch 01/12] Batch 1600/1918 | Loss: 1.6526 | VRAM: 0.48 GB | LR: 2.50e-04
  [Epoch 01/12] Batch 1650/1918 | Loss: 1.6513 | VRAM: 0.48 GB | LR: 2.50e-04
  [Epoch 01/12] Batch 1700/1918 | Loss: 1.6504 | VRAM: 0.48 GB | LR: 2.50e-04
  [Epoch 01/12] Batch 1750/1918 | Loss: 1.6485 | VRAM: 0.48 GB | LR: 2.50e-04
  [Epoch 01/12] Batch 1800/1918 | Loss: 1.6475 | VRAM: 0.48 GB | LR: 2.50e-04
  [Epoch 01/12] Batch 1850/1918 | Loss: 1.6439 | VRAM: 0.48 GB | LR: 2.50e-04
  [Epoch 01/12] Batch 1900/1918 | Loss: 1.6442 | VRAM: 0.48 GB | LR: 2.50e-04
  [Epoch 01/12] Batch 1918/1918 | Loss: 1.6439 | VRAM: 0.48 GB | LR: 2.50e-04

>>> [EPOCH 01/12] COMPLETE | Avg Loss: 1.6439 | Time: 20.8 min | LR: 5.00e-04
  ==> [CHECKPOINT] Best model saved to best_model.pth (Loss: 1.6439)

  [Epoch 02/12] Batch 0050/1918 | Loss: 1.6445 | VRAM: 0.48 GB | LR: 5.00e-04
  [Epoch 02/12] Batch 0100/1918 | Loss: 1.6331 | VRAM: 0.48 GB | LR: 5.00e-04
  [Epoch 02/12] Batch 0150/1918 | Loss: 1.6385 | VRAM: 0.48 GB | LR: 5.00e-04
  [Epoch 02/12] Batch 0200/1918 | Loss: 1.6615 | VRAM: 0.48 GB | LR: 5.00e-04
  [Epoch 02/12] Batch 0250/1918 | Loss: 1.6574 | VRAM: 0.48 GB | LR: 5.00e-04
  [Epoch 02/12] Batch 0300/1918 | Loss: 1.6598 | VRAM: 0.48 GB | LR: 5.00e-04
  [Epoch 02/12] Batch 0350/1918 | Loss: 1.6512 | VRAM: 0.48 GB | LR: 5.00e-04
  [Epoch 02/12] Batch 0400/1918 | Loss: 1.6453 | VRAM: 0.48 GB | LR: 5.00e-04
  [Epoch 02/12] Batch 0450/1918 | Loss: 1.6455 | VRAM: 0.48 GB | LR: 5.00e-04
  [Epoch 02/12] Batch 0500/1918 | Loss: 1.6371 | VRAM: 0.48 GB | LR: 5.00e-04
  [Epoch 02/12] Batch 0550/1918 | Loss: 1.6284 | VRAM: 0.48 GB | LR: 5.00e-04
  [Epoch 02/12] Batch 0600/1918 | Loss: 1.6295 | VRAM: 0.48 GB | LR: 5.00e-04
  [Epoch 02/12] Batch 0650/1918 | Loss: 1.6256 | VRAM: 0.48 GB | LR: 5.00e-04
  [Epoch 02/12] Batch 0700/1918 | Loss: 1.6204 | VRAM: 0.48 GB | LR: 5.00e-04
  [Epoch 02/12] Batch 0750/1918 | Loss: 1.6128 | VRAM: 0.48 GB | LR: 5.00e-04
  [Epoch 02/12] Batch 0800/1918 | Loss: 1.6057 | VRAM: 0.48 GB | LR: 5.00e-04
  [Epoch 02/12] Batch 0850/1918 | Loss: 1.6057 | VRAM: 0.48 GB | LR: 5.00e-04
  [Epoch 02/12] Batch 0900/1918 | Loss: 1.6024 | VRAM: 0.48 GB | LR: 5.00e-04
  [Epoch 02/12] Batch 0950/1918 | Loss: 1.6018 | VRAM: 0.48 GB | LR: 5.00e-04
  [Epoch 02/12] Batch 1000/1918 | Loss: 1.5974 | VRAM: 0.48 GB | LR: 5.00e-04
  [Epoch 02/12] Batch 1050/1918 | Loss: 1.5973 | VRAM: 0.48 GB | LR: 5.00e-04
  [Epoch 02/12] Batch 1100/1918 | Loss: 1.5964 | VRAM: 0.48 GB | LR: 5.00e-04
  [Epoch 02/12] Batch 1150/1918 | Loss: 1.5966 | VRAM: 0.48 GB | LR: 5.00e-04
  [Epoch 02/12] Batch 1200/1918 | Loss: 1.5973 | VRAM: 0.48 GB | LR: 5.00e-04
  [Epoch 02/12] Batch 1250/1918 | Loss: 1.5945 | VRAM: 0.48 GB | LR: 5.00e-04
  [Epoch 02/12] Batch 1300/1918 | Loss: 1.5943 | VRAM: 0.48 GB | LR: 5.00e-04
  [Epoch 02/12] Batch 1350/1918 | Loss: 1.5963 | VRAM: 0.48 GB | LR: 5.00e-04
  [Epoch 02/12] Batch 1400/1918 | Loss: 1.5967 | VRAM: 0.48 GB | LR: 5.00e-04
  [Epoch 02/12] Batch 1450/1918 | Loss: 1.5967 | VRAM: 0.48 GB | LR: 5.00e-04
  [Epoch 02/12] Batch 1500/1918 | Loss: 1.5961 | VRAM: 0.48 GB | LR: 5.00e-04
  [Epoch 02/12] Batch 1550/1918 | Loss: 1.5937 | VRAM: 0.48 GB | LR: 5.00e-04
  [Epoch 02/12] Batch 1600/1918 | Loss: 1.5941 | VRAM: 0.48 GB | LR: 5.00e-04
  [Epoch 02/12] Batch 1650/1918 | Loss: 1.5960 | VRAM: 0.48 GB | LR: 5.00e-04
  [Epoch 02/12] Batch 1700/1918 | Loss: 1.5959 | VRAM: 0.48 GB | LR: 5.00e-04
  [Epoch 02/12] Batch 1750/1918 | Loss: 1.5948 | VRAM: 0.48 GB | LR: 5.00e-04
  [Epoch 02/12] Batch 1800/1918 | Loss: 1.5938 | VRAM: 0.48 GB | LR: 5.00e-04
  [Epoch 02/12] Batch 1850/1918 | Loss: nan | VRAM: 0.48 GB | LR: 5.00e-04
  [Epoch 02/12] Batch 1900/1918 | Loss: nan | VRAM: 0.48 GB | LR: 5.00e-04
  [Epoch 02/12] Batch 1918/1918 | Loss: nan | VRAM: 0.48 GB | LR: 5.00e-04

>>> [EPOCH 02/12] COMPLETE | Avg Loss: nan | Time: 19.0 min | LR: 5.00e-04
  [Epoch 03/12] Batch 0050/1918 | Loss: nan | VRAM: 0.48 GB | LR: 5.00e-04
  [Epoch 03/12] Batch 0100/1918 | Loss: nan | VRAM: 0.48 GB | LR: 5.00e-04
  [Epoch 03/12] Batch 0150/1918 | Loss: nan | VRAM: 0.48 GB | LR: 5.00e-04
  [Epoch 03/12] Batch 0200/1918 | Loss: nan | VRAM: 0.48 GB | LR: 5.00e-04
  [Epoch 03/12] Batch 0250/1918 | Loss: nan | VRAM: 0.48 GB | LR: 5.00e-04
  [Epoch 03/12] Batch 0300/1918 | Loss: nan | VRAM: 0.48 GB | LR: 5.00e-04
  [Epoch 03/12] Batch 0350/1918 | Loss: nan | VRAM: 0.48 GB | LR: 5.00e-04
  [Epoch 03/12] Batch 0400/1918 | Loss: nan | VRAM: 0.48 GB | LR: 5.00e-04
  [Epoch 03/12] Batch 0450/1918 | Loss: nan | VRAM: 0.48 GB | LR: 5.00e-04
  [Epoch 03/12] Batch 0500/1918 | Loss: nan | VRAM: 0.48 GB | LR: 5.00e-04
  [Epoch 03/12] Batch 0550/1918 | Loss: nan | VRAM: 0.48 GB | LR: 5.00e-04
  [Epoch 03/12] Batch 0600/1918 | Loss: nan | VRAM: 0.48 GB | LR: 5.00e-04
  [Epoch 03/12] Batch 0650/1918 | Loss: nan | VRAM: 0.48 GB | LR: 5.00e-04
  [Epoch 03/12] Batch 0700/1918 | Loss: nan | VRAM: 0.48 GB | LR: 5.00e-04
  [Epoch 03/12] Batch 0750/1918 | Loss: nan | VRAM: 0.48 GB | LR: 5.00e-04
  [Epoch 03/12] Batch 0800/1918 | Loss: nan | VRAM: 0.48 GB | LR: 5.00e-04
  [Epoch 03/12] Batch 0850/1918 | Loss: nan | VRAM: 0.48 GB | LR: 5.00e-04
  [Epoch 03/12] Batch 0900/1918 | Loss: nan | VRAM: 0.48 GB | LR: 5.00e-04
  [Epoch 03/12] Batch 0950/1918 | Loss: nan | VRAM: 0.48 GB | LR: 5.00e-04
  [Epoch 03/12] Batch 1000/1918 | Loss: nan | VRAM: 0.48 GB | LR: 5.00e-04
  [Epoch 03/12] Batch 1050/1918 | Loss: nan | VRAM: 0.48 GB | LR: 5.00e-04
  [Epoch 03/12] Batch 1100/1918 | Loss: nan | VRAM: 0.48 GB | LR: 5.00e-04
  [Epoch 03/12] Batch 1150/1918 | Loss: nan | VRAM: 0.48 GB | LR: 5.00e-04
  [Epoch 03/12] Batch 1200/1918 | Loss: nan | VRAM: 0.48 GB | LR: 5.00e-04
  [Epoch 03/12] Batch 1250/1918 | Loss: nan | VRAM: 0.48 GB | LR: 5.00e-04
  [Epoch 03/12] Batch 1300/1918 | Loss: nan | VRAM: 0.48 GB | LR: 5.00e-04
  [Epoch 03/12] Batch 1350/1918 | Loss: nan | VRAM: 0.48 GB | LR: 5.00e-04
  [Epoch 03/12] Batch 1400/1918 | Loss: nan | VRAM: 0.48 GB | LR: 5.00e-04
  [Epoch 03/12] Batch 1450/1918 | Loss: nan | VRAM: 0.48 GB | LR: 5.00e-04
  [Epoch 03/12] Batch 1500/1918 | Loss: nan | VRAM: 0.48 GB | LR: 5.00e-04
  [Epoch 03/12] Batch 1550/1918 | Loss: nan | VRAM: 0.48 GB | LR: 5.00e-04
  [Epoch 03/12] Batch 1600/1918 | Loss: nan | VRAM: 0.48 GB | LR: 5.00e-04
  [Epoch 03/12] Batch 1650/1918 | Loss: nan | VRAM: 0.48 GB | LR: 5.00e-04
  [Epoch 03/12] Batch 1700/1918 | Loss: nan | VRAM: 0.48 GB | LR: 5.00e-04
  [Epoch 03/12] Batch 1750/1918 | Loss: nan | VRAM: 0.48 GB | LR: 5.00e-04
  [Epoch 03/12] Batch 1800/1918 | Loss: nan | VRAM: 0.48 GB | LR: 5.00e-04
  [Epoch 03/12] Batch 1850/1918 | Loss: nan | VRAM: 0.48 GB | LR: 5.00e-04
  [Epoch 03/12] Batch 1900/1918 | Loss: nan | VRAM: 0.48 GB | LR: 5.00e-04
  [Epoch 03/12] Batch 1918/1918 | Loss: nan | VRAM: 0.48 GB | LR: 5.00e-04

>>> [EPOCH 03/12] COMPLETE | Avg Loss: nan | Time: 18.2 min | LR: 4.88e-04
  ==> [SNAPSHOT] Saved epoch checkpoint to checkpoint_epoch_03.pth
  [Epoch 04/12] Batch 0050/1918 | Loss: nan | VRAM: 0.48 GB | LR: 4.88e-04
  [Epoch 04/12] Batch 0100/1918 | Loss: nan | VRAM: 0.48 GB | LR: 4.88e-04
  [Epoch 04/12] Batch 0150/1918 | Loss: nan | VRAM: 0.48 GB | LR: 4.88e-04
  [Epoch 04/12] Batch 0200/1918 | Loss: nan | VRAM: 0.48 GB | LR: 4.88e-04
  [Epoch 04/12] Batch 0250/1918 | Loss: nan | VRAM: 0.48 GB | LR: 4.88e-04
  [Epoch 04/12] Batch 0300/1918 | Loss: nan | VRAM: 0.48 GB | LR: 4.88e-04
  [Epoch 04/12] Batch 0350/1918 | Loss: nan | VRAM: 0.48 GB | LR: 4.88e-04
  [Epoch 04/12] Batch 0400/1918 | Loss: nan | VRAM: 0.48 GB | LR: 4.88e-04
  [Epoch 04/12] Batch 0450/1918 | Loss: nan | VRAM: 0.48 GB | LR: 4.88e-04
  [Epoch 04/12] Batch 0500/1918 | Loss: nan | VRAM: 0.48 GB | LR: 4.88e-04
  [Epoch 04/12] Batch 0550/1918 | Loss: nan | VRAM: 0.48 GB | LR: 4.88e-04
  [Epoch 04/12] Batch 0600/1918 | Loss: nan | VRAM: 0.48 GB | LR: 4.88e-04
  [Epoch 04/12] Batch 0650/1918 | Loss: nan | VRAM: 0.48 GB | LR: 4.88e-04
  [Epoch 04/12] Batch 0700/1918 | Loss: nan | VRAM: 0.48 GB | LR: 4.88e-04
  [Epoch 04/12] Batch 0750/1918 | Loss: nan | VRAM: 0.48 GB | LR: 4.88e-04
  [Epoch 04/12] Batch 0800/1918 | Loss: nan | VRAM: 0.48 GB | LR: 4.88e-04
  [Epoch 04/12] Batch 0850/1918 | Loss: nan | VRAM: 0.48 GB | LR: 4.88e-04
  [Epoch 04/12] Batch 0900/1918 | Loss: nan | VRAM: 0.48 GB | LR: 4.88e-04
  [Epoch 04/12] Batch 0950/1918 | Loss: nan | VRAM: 0.48 GB | LR: 4.88e-04
  [Epoch 04/12] Batch 1000/1918 | Loss: nan | VRAM: 0.48 GB | LR: 4.88e-04
  [Epoch 04/12] Batch 1050/1918 | Loss: nan | VRAM: 0.48 GB | LR: 4.88e-04
  [Epoch 04/12] Batch 1100/1918 | Loss: nan | VRAM: 0.48 GB | LR: 4.88e-04
  [Epoch 04/12] Batch 1150/1918 | Loss: nan | VRAM: 0.48 GB | LR: 4.88e-04
  [Epoch 04/12] Batch 1200/1918 | Loss: nan | VRAM: 0.48 GB | LR: 4.88e-04
  [Epoch 04/12] Batch 1250/1918 | Loss: nan | VRAM: 0.48 GB | LR: 4.88e-04
  [Epoch 04/12] Batch 1300/1918 | Loss: nan | VRAM: 0.48 GB | LR: 4.88e-04
  [Epoch 04/12] Batch 1350/1918 | Loss: nan | VRAM: 0.48 GB | LR: 4.88e-04
  [Epoch 04/12] Batch 1400/1918 | Loss: nan | VRAM: 0.48 GB | LR: 4.88e-04
  [Epoch 04/12] Batch 1450/1918 | Loss: nan | VRAM: 0.48 GB | LR: 4.88e-04
  [Epoch 04/12] Batch 1500/1918 | Loss: nan | VRAM: 0.48 GB | LR: 4.88e-04
  [Epoch 04/12] Batch 1550/1918 | Loss: nan | VRAM: 0.48 GB | LR: 4.88e-04
  [Epoch 04/12] Batch 1600/1918 | Loss: nan | VRAM: 0.48 GB | LR: 4.88e-04
  [Epoch 04/12] Batch 1650/1918 | Loss: nan | VRAM: 0.48 GB | LR: 4.88e-04
  [Epoch 04/12] Batch 1700/1918 | Loss: nan | VRAM: 0.48 GB | LR: 4.88e-04
  [Epoch 04/12] Batch 1750/1918 | Loss: nan | VRAM: 0.48 GB | LR: 4.88e-04
  [Epoch 04/12] Batch 1800/1918 | Loss: nan | VRAM: 0.48 GB | LR: 4.88e-04
  [Epoch 04/12] Batch 1850/1918 | Loss: nan | VRAM: 0.48 GB | LR: 4.88e-04
  [Epoch 04/12] Batch 1900/1918 | Loss: nan | VRAM: 0.48 GB | LR: 4.88e-04
  [Epoch 04/12] Batch 1918/1918 | Loss: nan | VRAM: 0.48 GB | LR: 4.88e-04

>>> [EPOCH 04/12] COMPLETE | Avg Loss: nan | Time: 18.1 min | LR: 4.52e-04
  [Epoch 05/12] Batch 0050/1918 | Loss: nan | VRAM: 0.48 GB | LR: 4.52e-04
  [Epoch 05/12] Batch 0100/1918 | Loss: nan | VRAM: 0.48 GB | LR: 4.52e-04
  [Epoch 05/12] Batch 0150/1918 | Loss: nan | VRAM: 0.48 GB | LR: 4.52e-04
  [Epoch 05/12] Batch 0200/1918 | Loss: nan | VRAM: 0.48 GB | LR: 4.52e-04
  [Epoch 05/12] Batch 0250/1918 | Loss: nan | VRAM: 0.48 GB | LR: 4.52e-04
  [Epoch 05/12] Batch 0300/1918 | Loss: nan | VRAM: 0.48 GB | LR: 4.52e-04
  [Epoch 05/12] Batch 0350/1918 | Loss: nan | VRAM: 0.48 GB | LR: 4.52e-04
  [Epoch 05/12] Batch 0400/1918 | Loss: nan | VRAM: 0.48 GB | LR: 4.52e-04
  [Epoch 05/12] Batch 0450/1918 | Loss: nan | VRAM: 0.48 GB | LR: 4.52e-04
  [Epoch 05/12] Batch 0500/1918 | Loss: nan | VRAM: 0.48 GB | LR: 4.52e-04
  [Epoch 05/12] Batch 0550/1918 | Loss: nan | VRAM: 0.48 GB | LR: 4.52e-04
  [Epoch 05/12] Batch 0600/1918 | Loss: nan | VRAM: 0.48 GB | LR: 4.52e-04
  [Epoch 05/12] Batch 0650/1918 | Loss: nan | VRAM: 0.48 GB | LR: 4.52e-04
  [Epoch 05/12] Batch 0700/1918 | Loss: nan | VRAM: 0.48 GB | LR: 4.52e-04
  [Epoch 05/12] Batch 0750/1918 | Loss: nan | VRAM: 0.48 GB | LR: 4.52e-04
  [Epoch 05/12] Batch 0800/1918 | Loss: nan | VRAM: 0.48 GB | LR: 4.52e-04
  [Epoch 05/12] Batch 0850/1918 | Loss: nan | VRAM: 0.48 GB | LR: 4.52e-04
  [Epoch 05/12] Batch 0900/1918 | Loss: nan | VRAM: 0.48 GB | LR: 4.52e-04
  [Epoch 05/12] Batch 0950/1918 | Loss: nan | VRAM: 0.48 GB | LR: 4.52e-04
  [Epoch 05/12] Batch 1000/1918 | Loss: nan | VRAM: 0.48 GB | LR: 4.52e-04
  [Epoch 05/12] Batch 1050/1918 | Loss: nan | VRAM: 0.48 GB | LR: 4.52e-04
  [Epoch 05/12] Batch 1100/1918 | Loss: nan | VRAM: 0.48 GB | LR: 4.52e-04
  [Epoch 05/12] Batch 1150/1918 | Loss: nan | VRAM: 0.48 GB | LR: 4.52e-04
  [Epoch 05/12] Batch 1200/1918 | Loss: nan | VRAM: 0.48 GB | LR: 4.52e-04
  [Epoch 05/12] Batch 1250/1918 | Loss: nan | VRAM: 0.48 GB | LR: 4.52e-04
  [Epoch 05/12] Batch 1300/1918 | Loss: nan | VRAM: 0.48 GB | LR: 4.52e-04
  [Epoch 05/12] Batch 1350/1918 | Loss: nan | VRAM: 0.48 GB | LR: 4.52e-04
  [Epoch 05/12] Batch 1400/1918 | Loss: nan | VRAM: 0.48 GB | LR: 4.52e-04
  [Epoch 05/12] Batch 1450/1918 | Loss: nan | VRAM: 0.48 GB | LR: 4.52e-04
  [Epoch 05/12] Batch 1500/1918 | Loss: nan | VRAM: 0.48 GB | LR: 4.52e-04
  [Epoch 05/12] Batch 1550/1918 | Loss: nan | VRAM: 0.48 GB | LR: 4.52e-04
  [Epoch 05/12] Batch 1600/1918 | Loss: nan | VRAM: 0.48 GB | LR: 4.52e-04
  [Epoch 05/12] Batch 1650/1918 | Loss: nan | VRAM: 0.48 GB | LR: 4.52e-04
  [Epoch 05/12] Batch 1700/1918 | Loss: nan | VRAM: 0.48 GB | LR: 4.52e-04
  [Epoch 05/12] Batch 1750/1918 | Loss: nan | VRAM: 0.48 GB | LR: 4.52e-04
  [Epoch 05/12] Batch 1800/1918 | Loss: nan | VRAM: 0.48 GB | LR: 4.52e-04
  [Epoch 05/12] Batch 1850/1918 | Loss: nan | VRAM: 0.48 GB | LR: 4.52e-04
  [Epoch 05/12] Batch 1900/1918 | Loss: nan | VRAM: 0.48 GB | LR: 4.52e-04
  [Epoch 05/12] Batch 1918/1918 | Loss: nan | VRAM: 0.48 GB | LR: 4.52e-04

>>> [EPOCH 05/12] COMPLETE | Avg Loss: nan | Time: 17.6 min | LR: 3.97e-04
  [Epoch 06/12] Batch 0050/1918 | Loss: nan | VRAM: 0.48 GB | LR: 3.97e-04
  [Epoch 06/12] Batch 0100/1918 | Loss: nan | VRAM: 0.48 GB | LR: 3.97e-04
  [Epoch 06/12] Batch 0150/1918 | Loss: nan | VRAM: 0.48 GB | LR: 3.97e-04
  [Epoch 06/12] Batch 0200/1918 | Loss: nan | VRAM: 0.48 GB | LR: 3.97e-04
  [Epoch 06/12] Batch 0250/1918 | Loss: nan | VRAM: 0.48 GB | LR: 3.97e-04
  [Epoch 06/12] Batch 0300/1918 | Loss: nan | VRAM: 0.48 GB | LR: 3.97e-04
  [Epoch 06/12] Batch 0350/1918 | Loss: nan | VRAM: 0.48 GB | LR: 3.97e-04
  [Epoch 06/12] Batch 0400/1918 | Loss: nan | VRAM: 0.48 GB | LR: 3.97e-04
  [Epoch 06/12] Batch 0450/1918 | Loss: nan | VRAM: 0.48 GB | LR: 3.97e-04
  [Epoch 06/12] Batch 0500/1918 | Loss: nan | VRAM: 0.48 GB | LR: 3.97e-04
  [Epoch 06/12] Batch 0550/1918 | Loss: nan | VRAM: 0.48 GB | LR: 3.97e-04
  [Epoch 06/12] Batch 0600/1918 | Loss: nan | VRAM: 0.48 GB | LR: 3.97e-04
  [Epoch 06/12] Batch 0650/1918 | Loss: nan | VRAM: 0.48 GB | LR: 3.97e-04
  [Epoch 06/12] Batch 0700/1918 | Loss: nan | VRAM: 0.48 GB | LR: 3.97e-04
  [Epoch 06/12] Batch 0750/1918 | Loss: nan | VRAM: 0.48 GB | LR: 3.97e-04
  [Epoch 06/12] Batch 0800/1918 | Loss: nan | VRAM: 0.48 GB | LR: 3.97e-04
  [Epoch 06/12] Batch 0850/1918 | Loss: nan | VRAM: 0.48 GB | LR: 3.97e-04
  [Epoch 06/12] Batch 0900/1918 | Loss: nan | VRAM: 0.48 GB | LR: 3.97e-04
  [Epoch 06/12] Batch 0950/1918 | Loss: nan | VRAM: 0.48 GB | LR: 3.97e-04
  [Epoch 06/12] Batch 1000/1918 | Loss: nan | VRAM: 0.48 GB | LR: 3.97e-04
  [Epoch 06/12] Batch 1050/1918 | Loss: nan | VRAM: 0.48 GB | LR: 3.97e-04
  [Epoch 06/12] Batch 1100/1918 | Loss: nan | VRAM: 0.48 GB | LR: 3.97e-04
  [Epoch 06/12] Batch 1150/1918 | Loss: nan | VRAM: 0.48 GB | LR: 3.97e-04
  [Epoch 06/12] Batch 1200/1918 | Loss: nan | VRAM: 0.48 GB | LR: 3.97e-04
  [Epoch 06/12] Batch 1250/1918 | Loss: nan | VRAM: 0.48 GB | LR: 3.97e-04
  [Epoch 06/12] Batch 1300/1918 | Loss: nan | VRAM: 0.48 GB | LR: 3.97e-04
  [Epoch 06/12] Batch 1350/1918 | Loss: nan | VRAM: 0.48 GB | LR: 3.97e-04
  [Epoch 06/12] Batch 1400/1918 | Loss: nan | VRAM: 0.48 GB | LR: 3.97e-04
  [Epoch 06/12] Batch 1450/1918 | Loss: nan | VRAM: 0.48 GB | LR: 3.97e-04
  [Epoch 06/12] Batch 1500/1918 | Loss: nan | VRAM: 0.48 GB | LR: 3.97e-04
  [Epoch 06/12] Batch 1550/1918 | Loss: nan | VRAM: 0.48 GB | LR: 3.97e-04
  [Epoch 06/12] Batch 1600/1918 | Loss: nan | VRAM: 0.48 GB | LR: 3.97e-04
  [Epoch 06/12] Batch 1650/1918 | Loss: nan | VRAM: 0.48 GB | LR: 3.97e-04
  [Epoch 06/12] Batch 1700/1918 | Loss: nan | VRAM: 0.48 GB | LR: 3.97e-04
  [Epoch 06/12] Batch 1750/1918 | Loss: nan | VRAM: 0.48 GB | LR: 3.97e-04
  [Epoch 06/12] Batch 1800/1918 | Loss: nan | VRAM: 0.48 GB | LR: 3.97e-04
  [Epoch 06/12] Batch 1850/1918 | Loss: nan | VRAM: 0.48 GB | LR: 3.97e-04
  [Epoch 06/12] Batch 1900/1918 | Loss: nan | VRAM: 0.48 GB | LR: 3.97e-04
  [Epoch 06/12] Batch 1918/1918 | Loss: nan | VRAM: 0.48 GB | LR: 3.97e-04

>>> [EPOCH 06/12] COMPLETE | Avg Loss: nan | Time: 17.6 min | LR: 3.27e-04
  ==> [SNAPSHOT] Saved epoch checkpoint to checkpoint_epoch_06.pth
  [Epoch 07/12] Batch 0050/1918 | Loss: nan | VRAM: 0.48 GB | LR: 3.27e-04
  [Epoch 07/12] Batch 0100/1918 | Loss: nan | VRAM: 0.48 GB | LR: 3.27e-04
  [Epoch 07/12] Batch 0150/1918 | Loss: nan | VRAM: 0.48 GB | LR: 3.27e-04
  [Epoch 07/12] Batch 0200/1918 | Loss: nan | VRAM: 0.48 GB | LR: 3.27e-04
  [Epoch 07/12] Batch 0250/1918 | Loss: nan | VRAM: 0.48 GB | LR: 3.27e-04
  [Epoch 07/12] Batch 0300/1918 | Loss: nan | VRAM: 0.48 GB | LR: 3.27e-04
  [Epoch 07/12] Batch 0350/1918 | Loss: nan | VRAM: 0.48 GB | LR: 3.27e-04
  [Epoch 07/12] Batch 0400/1918 | Loss: nan | VRAM: 0.48 GB | LR: 3.27e-04
  [Epoch 07/12] Batch 0450/1918 | Loss: nan | VRAM: 0.48 GB | LR: 3.27e-04
  [Epoch 07/12] Batch 0500/1918 | Loss: nan | VRAM: 0.48 GB | LR: 3.27e-04
  [Epoch 07/12] Batch 0550/1918 | Loss: nan | VRAM: 0.48 GB | LR: 3.27e-04
  [Epoch 07/12] Batch 0600/1918 | Loss: nan | VRAM: 0.48 GB | LR: 3.27e-04
  [Epoch 07/12] Batch 0650/1918 | Loss: nan | VRAM: 0.48 GB | LR: 3.27e-04
  [Epoch 07/12] Batch 0700/1918 | Loss: nan | VRAM: 0.48 GB | LR: 3.27e-04
  [Epoch 07/12] Batch 0750/1918 | Loss: nan | VRAM: 0.48 GB | LR: 3.27e-04
  [Epoch 07/12] Batch 0800/1918 | Loss: nan | VRAM: 0.48 GB | LR: 3.27e-04
  [Epoch 07/12] Batch 0850/1918 | Loss: nan | VRAM: 0.48 GB | LR: 3.27e-04
  [Epoch 07/12] Batch 0900/1918 | Loss: nan | VRAM: 0.48 GB | LR: 3.27e-04
  [Epoch 07/12] Batch 0950/1918 | Loss: nan | VRAM: 0.48 GB | LR: 3.27e-04
  [Epoch 07/12] Batch 1000/1918 | Loss: nan | VRAM: 0.48 GB | LR: 3.27e-04
  [Epoch 07/12] Batch 1050/1918 | Loss: nan | VRAM: 0.48 GB | LR: 3.27e-04
  [Epoch 07/12] Batch 1100/1918 | Loss: nan | VRAM: 0.48 GB | LR: 3.27e-04
  [Epoch 07/12] Batch 1150/1918 | Loss: nan | VRAM: 0.48 GB | LR: 3.27e-04
  [Epoch 07/12] Batch 1200/1918 | Loss: nan | VRAM: 0.48 GB | LR: 3.27e-04
  [Epoch 07/12] Batch 1250/1918 | Loss: nan | VRAM: 0.48 GB | LR: 3.27e-04
  [Epoch 07/12] Batch 1300/1918 | Loss: nan | VRAM: 0.48 GB | LR: 3.27e-04
  [Epoch 07/12] Batch 1350/1918 | Loss: nan | VRAM: 0.48 GB | LR: 3.27e-04
  [Epoch 07/12] Batch 1400/1918 | Loss: nan | VRAM: 0.48 GB | LR: 3.27e-04
  [Epoch 07/12] Batch 1450/1918 | Loss: nan | VRAM: 0.48 GB | LR: 3.27e-04
  [Epoch 07/12] Batch 1500/1918 | Loss: nan | VRAM: 0.48 GB | LR: 3.27e-04
  [Epoch 07/12] Batch 1550/1918 | Loss: nan | VRAM: 0.48 GB | LR: 3.27e-04
  [Epoch 07/12] Batch 1600/1918 | Loss: nan | VRAM: 0.48 GB | LR: 3.27e-04
  [Epoch 07/12] Batch 1650/1918 | Loss: nan | VRAM: 0.48 GB | LR: 3.27e-04
  [Epoch 07/12] Batch 1700/1918 | Loss: nan | VRAM: 0.48 GB | LR: 3.27e-04
  [Epoch 07/12] Batch 1750/1918 | Loss: nan | VRAM: 0.48 GB | LR: 3.27e-04
  [Epoch 07/12] Batch 1800/1918 | Loss: nan | VRAM: 0.48 GB | LR: 3.27e-04
  [Epoch 07/12] Batch 1850/1918 | Loss: nan | VRAM: 0.48 GB | LR: 3.27e-04
  [Epoch 07/12] Batch 1900/1918 | Loss: nan | VRAM: 0.48 GB | LR: 3.27e-04
  [Epoch 07/12] Batch 1918/1918 | Loss: nan | VRAM: 0.48 GB | LR: 3.27e-04

>>> [EPOCH 07/12] COMPLETE | Avg Loss: nan | Time: 17.6 min | LR: 2.50e-04
  [Epoch 08/12] Batch 0050/1918 | Loss: nan | VRAM: 0.48 GB | LR: 2.50e-04
  [Epoch 08/12] Batch 0100/1918 | Loss: nan | VRAM: 0.48 GB | LR: 2.50e-04
  [Epoch 08/12] Batch 0150/1918 | Loss: nan | VRAM: 0.48 GB | LR: 2.50e-04
  [Epoch 08/12] Batch 0200/1918 | Loss: nan | VRAM: 0.48 GB | LR: 2.50e-04
  [Epoch 08/12] Batch 0250/1918 | Loss: nan | VRAM: 0.48 GB | LR: 2.50e-04
  [Epoch 08/12] Batch 0300/1918 | Loss: nan | VRAM: 0.48 GB | LR: 2.50e-04
  [Epoch 08/12] Batch 0350/1918 | Loss: nan | VRAM: 0.48 GB | LR: 2.50e-04
  [Epoch 08/12] Batch 0400/1918 | Loss: nan | VRAM: 0.48 GB | LR: 2.50e-04
  [Epoch 08/12] Batch 0450/1918 | Loss: nan | VRAM: 0.48 GB | LR: 2.50e-04
  [Epoch 08/12] Batch 0500/1918 | Loss: nan | VRAM: 0.48 GB | LR: 2.50e-04
  [Epoch 08/12] Batch 0550/1918 | Loss: nan | VRAM: 0.48 GB | LR: 2.50e-04
  [Epoch 08/12] Batch 0600/1918 | Loss: nan | VRAM: 0.48 GB | LR: 2.50e-04
  [Epoch 08/12] Batch 0650/1918 | Loss: nan | VRAM: 0.48 GB | LR: 2.50e-04
  [Epoch 08/12] Batch 0700/1918 | Loss: nan | VRAM: 0.48 GB | LR: 2.50e-04
  [Epoch 08/12] Batch 0750/1918 | Loss: nan | VRAM: 0.48 GB | LR: 2.50e-04
  [Epoch 08/12] Batch 0800/1918 | Loss: nan | VRAM: 0.48 GB | LR: 2.50e-04
  [Epoch 08/12] Batch 0850/1918 | Loss: nan | VRAM: 0.48 GB | LR: 2.50e-04
  [Epoch 08/12] Batch 0900/1918 | Loss: nan | VRAM: 0.48 GB | LR: 2.50e-04
  [Epoch 08/12] Batch 0950/1918 | Loss: nan | VRAM: 0.48 GB | LR: 2.50e-04
  [Epoch 08/12] Batch 1000/1918 | Loss: nan | VRAM: 0.48 GB | LR: 2.50e-04
  [Epoch 08/12] Batch 1050/1918 | Loss: nan | VRAM: 0.48 GB | LR: 2.50e-04
  [Epoch 08/12] Batch 1100/1918 | Loss: nan | VRAM: 0.48 GB | LR: 2.50e-04
  [Epoch 08/12] Batch 1150/1918 | Loss: nan | VRAM: 0.48 GB | LR: 2.50e-04
  [Epoch 08/12] Batch 1200/1918 | Loss: nan | VRAM: 0.48 GB | LR: 2.50e-04
  [Epoch 08/12] Batch 1250/1918 | Loss: nan | VRAM: 0.48 GB | LR: 2.50e-04
  [Epoch 08/12] Batch 1300/1918 | Loss: nan | VRAM: 0.48 GB | LR: 2.50e-04
  [Epoch 08/12] Batch 1350/1918 | Loss: nan | VRAM: 0.48 GB | LR: 2.50e-04
  [Epoch 08/12] Batch 1400/1918 | Loss: nan | VRAM: 0.48 GB | LR: 2.50e-04
  [Epoch 08/12] Batch 1450/1918 | Loss: nan | VRAM: 0.48 GB | LR: 2.50e-04
  [Epoch 08/12] Batch 1500/1918 | Loss: nan | VRAM: 0.48 GB | LR: 2.50e-04
  [Epoch 08/12] Batch 1550/1918 | Loss: nan | VRAM: 0.48 GB | LR: 2.50e-04
  [Epoch 08/12] Batch 1600/1918 | Loss: nan | VRAM: 0.48 GB | LR: 2.50e-04
  [Epoch 08/12] Batch 1650/1918 | Loss: nan | VRAM: 0.48 GB | LR: 2.50e-04
  [Epoch 08/12] Batch 1700/1918 | Loss: nan | VRAM: 0.48 GB | LR: 2.50e-04
  [Epoch 08/12] Batch 1750/1918 | Loss: nan | VRAM: 0.48 GB | LR: 2.50e-04
  [Epoch 08/12] Batch 1800/1918 | Loss: nan | VRAM: 0.48 GB | LR: 2.50e-04
  [Epoch 08/12] Batch 1850/1918 | Loss: nan | VRAM: 0.48 GB | LR: 2.50e-04
  [Epoch 08/12] Batch 1900/1918 | Loss: nan | VRAM: 0.48 GB | LR: 2.50e-04
  [Epoch 08/12] Batch 1918/1918 | Loss: nan | VRAM: 0.48 GB | LR: 2.50e-04

>>> [EPOCH 08/12] COMPLETE | Avg Loss: nan | Time: 17.6 min | LR: 1.73e-04
  [Epoch 09/12] Batch 0050/1918 | Loss: nan | VRAM: 0.48 GB | LR: 1.73e-04
  [Epoch 09/12] Batch 0100/1918 | Loss: nan | VRAM: 0.48 GB | LR: 1.73e-04
  [Epoch 09/12] Batch 0150/1918 | Loss: nan | VRAM: 0.48 GB | LR: 1.73e-04
  [Epoch 09/12] Batch 0200/1918 | Loss: nan | VRAM: 0.48 GB | LR: 1.73e-04
  [Epoch 09/12] Batch 0250/1918 | Loss: nan | VRAM: 0.48 GB | LR: 1.73e-04
  [Epoch 09/12] Batch 0300/1918 | Loss: nan | VRAM: 0.48 GB | LR: 1.73e-04
  [Epoch 09/12] Batch 0350/1918 | Loss: nan | VRAM: 0.48 GB | LR: 1.73e-04
  [Epoch 09/12] Batch 0400/1918 | Loss: nan | VRAM: 0.48 GB | LR: 1.73e-04
  [Epoch 09/12] Batch 0450/1918 | Loss: nan | VRAM: 0.48 GB | LR: 1.73e-04
  [Epoch 09/12] Batch 0500/1918 | Loss: nan | VRAM: 0.48 GB | LR: 1.73e-04
  [Epoch 09/12] Batch 0550/1918 | Loss: nan | VRAM: 0.48 GB | LR: 1.73e-04
  [Epoch 09/12] Batch 0600/1918 | Loss: nan | VRAM: 0.48 GB | LR: 1.73e-04
  [Epoch 09/12] Batch 0650/1918 | Loss: nan | VRAM: 0.48 GB | LR: 1.73e-04
  [Epoch 09/12] Batch 0700/1918 | Loss: nan | VRAM: 0.48 GB | LR: 1.73e-04
  [Epoch 09/12] Batch 0750/1918 | Loss: nan | VRAM: 0.48 GB | LR: 1.73e-04
  [Epoch 09/12] Batch 0800/1918 | Loss: nan | VRAM: 0.48 GB | LR: 1.73e-04
  [Epoch 09/12] Batch 0850/1918 | Loss: nan | VRAM: 0.48 GB | LR: 1.73e-04
  [Epoch 09/12] Batch 0900/1918 | Loss: nan | VRAM: 0.48 GB | LR: 1.73e-04
  [Epoch 09/12] Batch 0950/1918 | Loss: nan | VRAM: 0.48 GB | LR: 1.73e-04
  [Epoch 09/12] Batch 1000/1918 | Loss: nan | VRAM: 0.48 GB | LR: 1.73e-04
  [Epoch 09/12] Batch 1050/1918 | Loss: nan | VRAM: 0.48 GB | LR: 1.73e-04
  [Epoch 09/12] Batch 1100/1918 | Loss: nan | VRAM: 0.48 GB | LR: 1.73e-04
  [Epoch 09/12] Batch 1150/1918 | Loss: nan | VRAM: 0.48 GB | LR: 1.73e-04
  [Epoch 09/12] Batch 1200/1918 | Loss: nan | VRAM: 0.48 GB | LR: 1.73e-04
  [Epoch 09/12] Batch 1250/1918 | Loss: nan | VRAM: 0.48 GB | LR: 1.73e-04
  [Epoch 09/12] Batch 1300/1918 | Loss: nan | VRAM: 0.48 GB | LR: 1.73e-04
  [Epoch 09/12] Batch 1350/1918 | Loss: nan | VRAM: 0.48 GB | LR: 1.73e-04
  [Epoch 09/12] Batch 1400/1918 | Loss: nan | VRAM: 0.48 GB | LR: 1.73e-04
  [Epoch 09/12] Batch 1450/1918 | Loss: nan | VRAM: 0.48 GB | LR: 1.73e-04
  [Epoch 09/12] Batch 1500/1918 | Loss: nan | VRAM: 0.48 GB | LR: 1.73e-04
  [Epoch 09/12] Batch 1550/1918 | Loss: nan | VRAM: 0.48 GB | LR: 1.73e-04
  [Epoch 09/12] Batch 1600/1918 | Loss: nan | VRAM: 0.48 GB | LR: 1.73e-04
  [Epoch 09/12] Batch 1650/1918 | Loss: nan | VRAM: 0.48 GB | LR: 1.73e-04
  [Epoch 09/12] Batch 1700/1918 | Loss: nan | VRAM: 0.48 GB | LR: 1.73e-04
  [Epoch 09/12] Batch 1750/1918 | Loss: nan | VRAM: 0.48 GB | LR: 1.73e-04
  [Epoch 09/12] Batch 1800/1918 | Loss: nan | VRAM: 0.48 GB | LR: 1.73e-04
  [Epoch 09/12] Batch 1850/1918 | Loss: nan | VRAM: 0.48 GB | LR: 1.73e-04
  [Epoch 09/12] Batch 1900/1918 | Loss: nan | VRAM: 0.48 GB | LR: 1.73e-04
  [Epoch 09/12] Batch 1918/1918 | Loss: nan | VRAM: 0.48 GB | LR: 1.73e-04

>>> [EPOCH 09/12] COMPLETE | Avg Loss: nan | Time: 17.5 min | LR: 1.03e-04
  ==> [SNAPSHOT] Saved epoch checkpoint to checkpoint_epoch_09.pth
  [Epoch 10/12] Batch 0050/1918 | Loss: nan | VRAM: 0.48 GB | LR: 1.03e-04
  [Epoch 10/12] Batch 0100/1918 | Loss: nan | VRAM: 0.48 GB | LR: 1.03e-04
  [Epoch 10/12] Batch 0150/1918 | Loss: nan | VRAM: 0.48 GB | LR: 1.03e-04
  [Epoch 10/12] Batch 0200/1918 | Loss: nan | VRAM: 0.48 GB | LR: 1.03e-04
  [Epoch 10/12] Batch 0250/1918 | Loss: nan | VRAM: 0.48 GB | LR: 1.03e-04
  [Epoch 10/12] Batch 0300/1918 | Loss: nan | VRAM: 0.48 GB | LR: 1.03e-04
  [Epoch 10/12] Batch 0350/1918 | Loss: nan | VRAM: 0.48 GB | LR: 1.03e-04
  [Epoch 10/12] Batch 0400/1918 | Loss: nan | VRAM: 0.48 GB | LR: 1.03e-04
  [Epoch 10/12] Batch 0450/1918 | Loss: nan | VRAM: 0.48 GB | LR: 1.03e-04
  [Epoch 10/12] Batch 0500/1918 | Loss: nan | VRAM: 0.48 GB | LR: 1.03e-04
  [Epoch 10/12] Batch 0550/1918 | Loss: nan | VRAM: 0.48 GB | LR: 1.03e-04
  [Epoch 10/12] Batch 0600/1918 | Loss: nan | VRAM: 0.48 GB | LR: 1.03e-04
  [Epoch 10/12] Batch 0650/1918 | Loss: nan | VRAM: 0.48 GB | LR: 1.03e-04
  [Epoch 10/12] Batch 0700/1918 | Loss: nan | VRAM: 0.48 GB | LR: 1.03e-04
  [Epoch 10/12] Batch 0750/1918 | Loss: nan | VRAM: 0.48 GB | LR: 1.03e-04
  [Epoch 10/12] Batch 0800/1918 | Loss: nan | VRAM: 0.48 GB | LR: 1.03e-04
  [Epoch 10/12] Batch 0850/1918 | Loss: nan | VRAM: 0.48 GB | LR: 1.03e-04
  [Epoch 10/12] Batch 0900/1918 | Loss: nan | VRAM: 0.48 GB | LR: 1.03e-04
  [Epoch 10/12] Batch 0950/1918 | Loss: nan | VRAM: 0.48 GB | LR: 1.03e-04
  [Epoch 10/12] Batch 1000/1918 | Loss: nan | VRAM: 0.48 GB | LR: 1.03e-04
  [Epoch 10/12] Batch 1050/1918 | Loss: nan | VRAM: 0.48 GB | LR: 1.03e-04
  [Epoch 10/12] Batch 1100/1918 | Loss: nan | VRAM: 0.48 GB | LR: 1.03e-04
  [Epoch 10/12] Batch 1150/1918 | Loss: nan | VRAM: 0.48 GB | LR: 1.03e-04
  [Epoch 10/12] Batch 1200/1918 | Loss: nan | VRAM: 0.48 GB | LR: 1.03e-04
  [Epoch 10/12] Batch 1250/1918 | Loss: nan | VRAM: 0.48 GB | LR: 1.03e-04
  [Epoch 10/12] Batch 1300/1918 | Loss: nan | VRAM: 0.48 GB | LR: 1.03e-04
  [Epoch 10/12] Batch 1350/1918 | Loss: nan | VRAM: 0.48 GB | LR: 1.03e-04
  [Epoch 10/12] Batch 1400/1918 | Loss: nan | VRAM: 0.48 GB | LR: 1.03e-04
  [Epoch 10/12] Batch 1450/1918 | Loss: nan | VRAM: 0.48 GB | LR: 1.03e-04
  [Epoch 10/12] Batch 1500/1918 | Loss: nan | VRAM: 0.48 GB | LR: 1.03e-04
  [Epoch 10/12] Batch 1550/1918 | Loss: nan | VRAM: 0.48 GB | LR: 1.03e-04
  [Epoch 10/12] Batch 1600/1918 | Loss: nan | VRAM: 0.48 GB | LR: 1.03e-04
  [Epoch 10/12] Batch 1650/1918 | Loss: nan | VRAM: 0.48 GB | LR: 1.03e-04
  [Epoch 10/12] Batch 1700/1918 | Loss: nan | VRAM: 0.48 GB | LR: 1.03e-04
  [Epoch 10/12] Batch 1750/1918 | Loss: nan | VRAM: 0.48 GB | LR: 1.03e-04
  [Epoch 10/12] Batch 1800/1918 | Loss: nan | VRAM: 0.48 GB | LR: 1.03e-04
  [Epoch 10/12] Batch 1850/1918 | Loss: nan | VRAM: 0.48 GB | LR: 1.03e-04
  [Epoch 10/12] Batch 1900/1918 | Loss: nan | VRAM: 0.48 GB | LR: 1.03e-04
  [Epoch 10/12] Batch 1918/1918 | Loss: nan | VRAM: 0.48 GB | LR: 1.03e-04

>>> [EPOCH 10/12] COMPLETE | Avg Loss: nan | Time: 17.5 min | LR: 4.77e-05
  [Epoch 11/12] Batch 0050/1918 | Loss: nan | VRAM: 0.48 GB | LR: 4.77e-05
  [Epoch 11/12] Batch 0100/1918 | Loss: nan | VRAM: 0.48 GB | LR: 4.77e-05
  [Epoch 11/12] Batch 0150/1918 | Loss: nan | VRAM: 0.48 GB | LR: 4.77e-05
  [Epoch 11/12] Batch 0200/1918 | Loss: nan | VRAM: 0.48 GB | LR: 4.77e-05
  [Epoch 11/12] Batch 0250/1918 | Loss: nan | VRAM: 0.48 GB | LR: 4.77e-05
  [Epoch 11/12] Batch 0300/1918 | Loss: nan | VRAM: 0.48 GB | LR: 4.77e-05
  [Epoch 11/12] Batch 0350/1918 | Loss: nan | VRAM: 0.48 GB | LR: 4.77e-05
  [Epoch 11/12] Batch 0400/1918 | Loss: nan | VRAM: 0.48 GB | LR: 4.77e-05
  [Epoch 11/12] Batch 0450/1918 | Loss: nan | VRAM: 0.48 GB | LR: 4.77e-05
  [Epoch 11/12] Batch 0500/1918 | Loss: nan | VRAM: 0.48 GB | LR: 4.77e-05
  [Epoch 11/12] Batch 0550/1918 | Loss: nan | VRAM: 0.48 GB | LR: 4.77e-05
  [Epoch 11/12] Batch 0600/1918 | Loss: nan | VRAM: 0.48 GB | LR: 4.77e-05
  [Epoch 11/12] Batch 0650/1918 | Loss: nan | VRAM: 0.48 GB | LR: 4.77e-05
  [Epoch 11/12] Batch 0700/1918 | Loss: nan | VRAM: 0.48 GB | LR: 4.77e-05
  [Epoch 11/12] Batch 0750/1918 | Loss: nan | VRAM: 0.48 GB | LR: 4.77e-05
  [Epoch 11/12] Batch 0800/1918 | Loss: nan | VRAM: 0.48 GB | LR: 4.77e-05
  [Epoch 11/12] Batch 0850/1918 | Loss: nan | VRAM: 0.48 GB | LR: 4.77e-05
  [Epoch 11/12] Batch 0900/1918 | Loss: nan | VRAM: 0.48 GB | LR: 4.77e-05
  [Epoch 11/12] Batch 0950/1918 | Loss: nan | VRAM: 0.48 GB | LR: 4.77e-05
  [Epoch 11/12] Batch 1000/1918 | Loss: nan | VRAM: 0.48 GB | LR: 4.77e-05
  [Epoch 11/12] Batch 1050/1918 | Loss: nan | VRAM: 0.48 GB | LR: 4.77e-05
  [Epoch 11/12] Batch 1100/1918 | Loss: nan | VRAM: 0.48 GB | LR: 4.77e-05
  [Epoch 11/12] Batch 1150/1918 | Loss: nan | VRAM: 0.48 GB | LR: 4.77e-05
  [Epoch 11/12] Batch 1200/1918 | Loss: nan | VRAM: 0.48 GB | LR: 4.77e-05
  [Epoch 11/12] Batch 1250/1918 | Loss: nan | VRAM: 0.48 GB | LR: 4.77e-05
  [Epoch 11/12] Batch 1300/1918 | Loss: nan | VRAM: 0.48 GB | LR: 4.77e-05
  [Epoch 11/12] Batch 1350/1918 | Loss: nan | VRAM: 0.48 GB | LR: 4.77e-05
  [Epoch 11/12] Batch 1400/1918 | Loss: nan | VRAM: 0.48 GB | LR: 4.77e-05
  [Epoch 11/12] Batch 1450/1918 | Loss: nan | VRAM: 0.48 GB | LR: 4.77e-05
  [Epoch 11/12] Batch 1500/1918 | Loss: nan | VRAM: 0.48 GB | LR: 4.77e-05
  [Epoch 11/12] Batch 1550/1918 | Loss: nan | VRAM: 0.48 GB | LR: 4.77e-05
  [Epoch 11/12] Batch 1600/1918 | Loss: nan | VRAM: 0.48 GB | LR: 4.77e-05
  [Epoch 11/12] Batch 1650/1918 | Loss: nan | VRAM: 0.48 GB | LR: 4.77e-05
  [Epoch 11/12] Batch 1700/1918 | Loss: nan | VRAM: 0.48 GB | LR: 4.77e-05
  [Epoch 11/12] Batch 1750/1918 | Loss: nan | VRAM: 0.48 GB | LR: 4.77e-05
  [Epoch 11/12] Batch 1800/1918 | Loss: nan | VRAM: 0.48 GB | LR: 4.77e-05
  [Epoch 11/12] Batch 1850/1918 | Loss: nan | VRAM: 0.48 GB | LR: 4.77e-05
  [Epoch 11/12] Batch 1900/1918 | Loss: nan | VRAM: 0.48 GB | LR: 4.77e-05
  [Epoch 11/12] Batch 1918/1918 | Loss: nan | VRAM: 0.48 GB | LR: 4.77e-05

>>> [EPOCH 11/12] COMPLETE | Avg Loss: nan | Time: 17.5 min | LR: 1.22e-05
  [Epoch 12/12] Batch 0050/1918 | Loss: nan | VRAM: 0.48 GB | LR: 1.22e-05
  [Epoch 12/12] Batch 0100/1918 | Loss: nan | VRAM: 0.48 GB | LR: 1.22e-05
  [Epoch 12/12] Batch 0150/1918 | Loss: nan | VRAM: 0.48 GB | LR: 1.22e-05
  [Epoch 12/12] Batch 0200/1918 | Loss: nan | VRAM: 0.48 GB | LR: 1.22e-05
  [Epoch 12/12] Batch 0250/1918 | Loss: nan | VRAM: 0.48 GB | LR: 1.22e-05
  [Epoch 12/12] Batch 0300/1918 | Loss: nan | VRAM: 0.48 GB | LR: 1.22e-05
  [Epoch 12/12] Batch 0350/1918 | Loss: nan | VRAM: 0.48 GB | LR: 1.22e-05
  [Epoch 12/12] Batch 0400/1918 | Loss: nan | VRAM: 0.48 GB | LR: 1.22e-05
  [Epoch 12/12] Batch 0450/1918 | Loss: nan | VRAM: 0.48 GB | LR: 1.22e-05
  [Epoch 12/12] Batch 0500/1918 | Loss: nan | VRAM: 0.48 GB | LR: 1.22e-05
  [Epoch 12/12] Batch 0550/1918 | Loss: nan | VRAM: 0.48 GB | LR: 1.22e-05
  [Epoch 12/12] Batch 0600/1918 | Loss: nan | VRAM: 0.48 GB | LR: 1.22e-05
  [Epoch 12/12] Batch 0650/1918 | Loss: nan | VRAM: 0.48 GB | LR: 1.22e-05
  [Epoch 12/12] Batch 0700/1918 | Loss: nan | VRAM: 0.48 GB | LR: 1.22e-05
  [Epoch 12/12] Batch 0750/1918 | Loss: nan | VRAM: 0.48 GB | LR: 1.22e-05
  [Epoch 12/12] Batch 0800/1918 | Loss: nan | VRAM: 0.48 GB | LR: 1.22e-05
  [Epoch 12/12] Batch 0850/1918 | Loss: nan | VRAM: 0.48 GB | LR: 1.22e-05
  [Epoch 12/12] Batch 0900/1918 | Loss: nan | VRAM: 0.48 GB | LR: 1.22e-05
  [Epoch 12/12] Batch 0950/1918 | Loss: nan | VRAM: 0.48 GB | LR: 1.22e-05
  [Epoch 12/12] Batch 1000/1918 | Loss: nan | VRAM: 0.48 GB | LR: 1.22e-05
  [Epoch 12/12] Batch 1050/1918 | Loss: nan | VRAM: 0.48 GB | LR: 1.22e-05
  [Epoch 12/12] Batch 1100/1918 | Loss: nan | VRAM: 0.48 GB | LR: 1.22e-05
  [Epoch 12/12] Batch 1150/1918 | Loss: nan | VRAM: 0.48 GB | LR: 1.22e-05
  [Epoch 12/12] Batch 1200/1918 | Loss: nan | VRAM: 0.48 GB | LR: 1.22e-05
  [Epoch 12/12] Batch 1250/1918 | Loss: nan | VRAM: 0.48 GB | LR: 1.22e-05
  [Epoch 12/12] Batch 1300/1918 | Loss: nan | VRAM: 0.48 GB | LR: 1.22e-05
  [Epoch 12/12] Batch 1350/1918 | Loss: nan | VRAM: 0.48 GB | LR: 1.22e-05
  [Epoch 12/12] Batch 1400/1918 | Loss: nan | VRAM: 0.48 GB | LR: 1.22e-05
  [Epoch 12/12] Batch 1450/1918 | Loss: nan | VRAM: 0.48 GB | LR: 1.22e-05
  [Epoch 12/12] Batch 1500/1918 | Loss: nan | VRAM: 0.48 GB | LR: 1.22e-05
  [Epoch 12/12] Batch 1550/1918 | Loss: nan | VRAM: 0.48 GB | LR: 1.22e-05
  [Epoch 12/12] Batch 1600/1918 | Loss: nan | VRAM: 0.48 GB | LR: 1.22e-05
  [Epoch 12/12] Batch 1650/1918 | Loss: nan | VRAM: 0.48 GB | LR: 1.22e-05
  [Epoch 12/12] Batch 1700/1918 | Loss: nan | VRAM: 0.48 GB | LR: 1.22e-05
  [Epoch 12/12] Batch 1750/1918 | Loss: nan | VRAM: 0.48 GB | LR: 1.22e-05
  [Epoch 12/12] Batch 1800/1918 | Loss: nan | VRAM: 0.48 GB | LR: 1.22e-05
  [Epoch 12/12] Batch 1850/1918 | Loss: nan | VRAM: 0.48 GB | LR: 1.22e-05
  [Epoch 12/12] Batch 1900/1918 | Loss: nan | VRAM: 0.48 GB | LR: 1.22e-05
  [Epoch 12/12] Batch 1918/1918 | Loss: nan | VRAM: 0.48 GB | LR: 1.22e-05

>>> [EPOCH 12/12] COMPLETE | Avg Loss: nan | Time: 17.6 min | LR: 0.00e+00
  ==> [SNAPSHOT] Saved epoch checkpoint to checkpoint_epoch_12.pth

=================================================================
  ALL 12 EPOCHS COMPLETE IN 3.61 HOURS!
  Initial Loss: 1.2481  ==>  Final Best Loss: 1.6439
  Best Weights: E:\rishabh\sih\DepthWizard\backend\weights\best_model.pth
  Final Weights: E:\rishabh\sih\DepthWizard\backend\weights\final_model.pth
=================================================================

Training summary report generated: E:\rishabh\sih\DepthWizard\backend\logs\OVERNIGHT_TRAINING_REPORT.md

=================================================================
  DEPTHWIZARD: OVERNIGHT 100% DATASET TRAINING ENGINE
  Device: NVIDIA GeForce RTX 4060 Laptop GPU (8.59 GB VRAM)
  Batch Size: 8 | Epochs: 12 | Mixed Precision: FP16 AMP
  Logging to: E:\rishabh\sih\DepthWizard\backend\logs\training_full_overnight.log
  Telemetry: E:\rishabh\sih\DepthWizard\backend\logs\training_full_overnight.jsonl
=================================================================

[08:42:07] Loading discovered tiles from local cache (data\gamus_file_list.json)...
[08:42:07] Discovered 3837 tiles in repo. Initializing multi-threaded download (8 workers)...
[08:42:27] Downloaded/Verified: 250/3837 tiles (1000 patches) | Rate: 12.6 tiles/s
[08:42:46] Downloaded/Verified: 500/3837 tiles (2000 patches) | Rate: 12.8 tiles/s
[08:43:06] Downloaded/Verified: 750/3837 tiles (3000 patches) | Rate: 12.7 tiles/s
[08:43:25] Downloaded/Verified: 1000/3837 tiles (4000 patches) | Rate: 12.8 tiles/s
[08:43:45] Downloaded/Verified: 1250/3837 tiles (5000 patches) | Rate: 12.8 tiles/s
[08:44:04] Downloaded/Verified: 1500/3837 tiles (6000 patches) | Rate: 12.8 tiles/s
[08:44:23] Downloaded/Verified: 1750/3837 tiles (7000 patches) | Rate: 12.8 tiles/s
[08:44:43] Downloaded/Verified: 2000/3837 tiles (8000 patches) | Rate: 12.8 tiles/s
[08:45:01] Downloaded/Verified: 2250/3837 tiles (9000 patches) | Rate: 12.9 tiles/s
[08:45:21] Downloaded/Verified: 2500/3837 tiles (10000 patches) | Rate: 12.8 tiles/s
[08:45:40] Downloaded/Verified: 2750/3837 tiles (11000 patches) | Rate: 12.9 tiles/s
[08:45:59] Downloaded/Verified: 3000/3837 tiles (12000 patches) | Rate: 12.9 tiles/s
[08:46:19] Downloaded/Verified: 3250/3837 tiles (13000 patches) | Rate: 12.9 tiles/s
[08:46:38] Downloaded/Verified: 3500/3837 tiles (14000 patches) | Rate: 12.9 tiles/s
[08:46:58] Downloaded/Verified: 3750/3837 tiles (15000 patches) | Rate: 12.9 tiles/s
[08:47:04] Downloaded/Verified: 3837/3837 tiles (15348 patches) | Rate: 12.9 tiles/s
[08:47:04] Dataset ready! Total 512x512 patches: 15348
[08:47:04] Initializing model depth-anything/Depth-Anything-V2-Small-hf...
[08:47:08] Bootstrapping from existing weights: E:\rishabh\sih\DepthWizard\backend\weights\best_model.pth
[08:47:09] Successfully loaded warm weights! Initial baseline loss: 1.6439351663226505

[08:47:09] Commencing training loop: 1918 batches/epoch, 12 epochs total.

  [Epoch 01/12] Batch 0050/1918 | Loss: 1.5937 | VRAM: 0.48 GB | LR: 2.50e-04
  [Epoch 01/12] Batch 0100/1918 | Loss: 1.5854 | VRAM: 0.48 GB | LR: 2.50e-04
  [Epoch 01/12] Batch 0150/1918 | Loss: 1.5761 | VRAM: 0.48 GB | LR: 2.50e-04
  [Epoch 01/12] Batch 0200/1918 | Loss: 1.5782 | VRAM: 0.48 GB | LR: 2.50e-04
  [Epoch 01/12] Batch 0250/1918 | Loss: 1.5717 | VRAM: 0.48 GB | LR: 2.50e-04
  [Epoch 01/12] Batch 0300/1918 | Loss: 1.5748 | VRAM: 0.48 GB | LR: 2.50e-04
  [Epoch 01/12] Batch 0350/1918 | Loss: 1.5680 | VRAM: 0.48 GB | LR: 2.50e-04
  [Epoch 01/12] Batch 0400/1918 | Loss: 1.5708 | VRAM: 0.48 GB | LR: 2.50e-04
  [Epoch 01/12] Batch 0450/1918 | Loss: 1.5703 | VRAM: 0.48 GB | LR: 2.50e-04
  [Epoch 01/12] Batch 0500/1918 | Loss: 1.5692 | VRAM: 0.48 GB | LR: 2.50e-04
  [Epoch 01/12] Batch 0550/1918 | Loss: 1.5615 | VRAM: 0.48 GB | LR: 2.50e-04
  [Epoch 01/12] Batch 0600/1918 | Loss: 1.5536 | VRAM: 0.48 GB | LR: 2.50e-04
  [Epoch 01/12] Batch 0650/1918 | Loss: 1.5490 | VRAM: 0.48 GB | LR: 2.50e-04
  [Epoch 01/12] Batch 0700/1918 | Loss: 1.5499 | VRAM: 0.48 GB | LR: 2.50e-04
  [Epoch 01/12] Batch 0750/1918 | Loss: 1.5492 | VRAM: 0.48 GB | LR: 2.50e-04
  [Epoch 01/12] Batch 0800/1918 | Loss: 1.5470 | VRAM: 0.48 GB | LR: 2.50e-04
  [Epoch 01/12] Batch 0850/1918 | Loss: 1.5463 | VRAM: 0.48 GB | LR: 2.50e-04
  [Epoch 01/12] Batch 0900/1918 | Loss: 1.5485 | VRAM: 0.48 GB | LR: 2.50e-04
  [Epoch 01/12] Batch 0950/1918 | Loss: 1.5453 | VRAM: 0.48 GB | LR: 2.50e-04
  [Epoch 01/12] Batch 1000/1918 | Loss: 1.5442 | VRAM: 0.48 GB | LR: 2.50e-04
  [Epoch 01/12] Batch 1050/1918 | Loss: 1.5459 | VRAM: 0.48 GB | LR: 2.50e-04
  [Epoch 01/12] Batch 1100/1918 | Loss: 1.5447 | VRAM: 0.48 GB | LR: 2.50e-04
  [Epoch 01/12] Batch 1150/1918 | Loss: 1.5456 | VRAM: 0.48 GB | LR: 2.50e-04
  [Epoch 01/12] Batch 1200/1918 | Loss: 1.5462 | VRAM: 0.48 GB | LR: 2.50e-04
  [Epoch 01/12] Batch 1250/1918 | Loss: 1.5441 | VRAM: 0.48 GB | LR: 2.50e-04
  [Epoch 01/12] Batch 1300/1918 | Loss: 1.5413 | VRAM: 0.48 GB | LR: 2.50e-04
  [Epoch 01/12] Batch 1350/1918 | Loss: 1.5397 | VRAM: 0.48 GB | LR: 2.50e-04
  [Epoch 01/12] Batch 1400/1918 | Loss: 1.5393 | VRAM: 0.48 GB | LR: 2.50e-04
  [Epoch 01/12] Batch 1450/1918 | Loss: 1.5374 | VRAM: 0.48 GB | LR: 2.50e-04
  [Epoch 01/12] Batch 1500/1918 | Loss: 1.5357 | VRAM: 0.48 GB | LR: 2.50e-04
  [Epoch 01/12] Batch 1550/1918 | Loss: 1.5352 | VRAM: 0.48 GB | LR: 2.50e-04
  [Epoch 01/12] Batch 1600/1918 | Loss: 1.5343 | VRAM: 0.48 GB | LR: 2.50e-04
  [Epoch 01/12] Batch 1650/1918 | Loss: 1.5338 | VRAM: 0.48 GB | LR: 2.50e-04
  [Epoch 01/12] Batch 1700/1918 | Loss: 1.5343 | VRAM: 0.48 GB | LR: 2.50e-04
  [Epoch 01/12] Batch 1750/1918 | Loss: 1.5319 | VRAM: 0.48 GB | LR: 2.50e-04
  [Epoch 01/12] Batch 1800/1918 | Loss: 1.5295 | VRAM: 0.48 GB | LR: 2.50e-04
  [Epoch 01/12] Batch 1850/1918 | Loss: 1.5281 | VRAM: 0.48 GB | LR: 2.50e-04
  [Epoch 01/12] Batch 1900/1918 | Loss: 1.5283 | VRAM: 0.48 GB | LR: 2.50e-04
  [Epoch 01/12] Batch 1918/1918 | Loss: 1.5280 | VRAM: 0.48 GB | LR: 2.50e-04

>>> [EPOCH 01/12] COMPLETE | Avg Loss: 1.5280 | Time: 20.7 min | LR: 5.00e-04
  ==> [CHECKPOINT] Best model saved to best_model.pth (Loss: 1.5280)

  [Epoch 02/12] Batch 0050/1918 | Loss: 1.5345 | VRAM: 0.48 GB | LR: 5.00e-04
  [Epoch 02/12] Batch 0100/1918 | Loss: 1.5595 | VRAM: 0.48 GB | LR: 5.00e-04
  [Epoch 02/12] Batch 0150/1918 | Loss: 1.5587 | VRAM: 0.48 GB | LR: 5.00e-04
  [Epoch 02/12] Batch 0200/1918 | Loss: 1.5541 | VRAM: 0.48 GB | LR: 5.00e-04
  [Epoch 02/12] Batch 0250/1918 | Loss: 1.5562 | VRAM: 0.48 GB | LR: 5.00e-04
  [Epoch 02/12] Batch 0300/1918 | Loss: 1.6580 | VRAM: 0.48 GB | LR: 5.00e-04
  [Epoch 02/12] Batch 0350/1918 | Loss: 1.7345 | VRAM: 0.48 GB | LR: 5.00e-04
  [WARNING] Batch 390 produced NaN/Inf loss - skipping gradient step
  [WARNING] Batch 392 produced NaN/Inf loss - skipping gradient step
  [WARNING] Batch 393 produced NaN/Inf loss - skipping gradient step
  [WARNING] Batch 394 produced NaN/Inf loss - skipping gradient step
  [WARNING] Batch 395 produced NaN/Inf loss - skipping gradient step
  [WARNING] Batch 396 produced NaN/Inf loss - skipping gradient step
  [WARNING] Batch 397 produced NaN/Inf loss - skipping gradient step
  [WARNING] Batch 398 produced NaN/Inf loss - skipping gradient step
  [WARNING] Batch 399 produced NaN/Inf loss - skipping gradient step
  [WARNING] Batch 400 produced NaN/Inf loss - skipping gradient step
  [WARNING] Batch 401 produced NaN/Inf loss - skipping gradient step
  [WARNING] Batch 402 produced NaN/Inf loss - skipping gradient step
  [WARNING] Batch 403 produced NaN/Inf loss - skipping gradient step
  [WARNING] Batch 404 produced NaN/Inf loss - skipping gradient step
  [WARNING] Batch 405 produced NaN/Inf loss - skipping gradient step
  [WARNING] Batch 406 produced NaN/Inf loss - skipping gradient step
  [WARNING] Batch 407 produced NaN/Inf loss - skipping gradient step
  [WARNING] Batch 408 produced NaN/Inf loss - skipping gradient step
  [WARNING] Batch 409 produced NaN/Inf loss - skipping gradient step
  [WARNING] Batch 410 produced NaN/Inf loss - skipping gradient step
  [WARNING] Batch 411 produced NaN/Inf loss - skipping gradient step
  [WARNING] Batch 412 produced NaN/Inf loss - skipping gradient step
  [WARNING] Batch 413 produced NaN/Inf loss - skipping gradient step
  [WARNING] Batch 414 produced NaN/Inf loss - skipping gradient step
  [WARNING] Batch 415 produced NaN/Inf loss - skipping gradient step
  [WARNING] Batch 416 produced NaN/Inf loss - skipping gradient step
  [WARNING] Batch 417 produced NaN/Inf loss - skipping gradient step
  [WARNING] Batch 418 produced NaN/Inf loss - skipping gradient step
  [WARNING] Batch 419 produced NaN/Inf loss - skipping gradient step
  [WARNING] Batch 420 produced NaN/Inf loss - skipping gradient step
  [WARNING] Batch 421 produced NaN/Inf loss - skipping gradient step
  [WARNING] Batch 422 produced NaN/Inf loss - skipping gradient step
  [WARNING] Batch 424 produced NaN/Inf loss - skipping gradient step
  [WARNING] Batch 425 produced NaN/Inf loss - skipping gradient step
  [WARNING] Batch 426 produced NaN/Inf loss - skipping gradient step
  [WARNING] Batch 427 produced NaN/Inf loss - skipping gradient step
  [WARNING] Batch 429 produced NaN/Inf loss - skipping gradient step
  [WARNING] Batch 431 produced NaN/Inf loss - skipping gradient step
  [WARNING] Batch 432 produced NaN/Inf loss - skipping gradient step
  [WARNING] Batch 433 produced NaN/Inf loss - skipping gradient step
  [WARNING] Batch 434 produced NaN/Inf loss - skipping gradient step
  [WARNING] Batch 437 produced NaN/Inf loss - skipping gradient step
  [WARNING] Batch 438 produced NaN/Inf loss - skipping gradient step
  [WARNING] Batch 439 produced NaN/Inf loss - skipping gradient step
  [WARNING] Batch 441 produced NaN/Inf loss - skipping gradient step
  [WARNING] Batch 442 produced NaN/Inf loss - skipping gradient step
  [WARNING] Batch 444 produced NaN/Inf loss - skipping gradient step
  [WARNING] Batch 445 produced NaN/Inf loss - skipping gradient step
  [WARNING] Batch 447 produced NaN/Inf loss - skipping gradient step
  [WARNING] Batch 448 produced NaN/Inf loss - skipping gradient step
  [WARNING] Batch 449 produced NaN/Inf loss - skipping gradient step
  [WARNING] Batch 450 produced NaN/Inf loss - skipping gradient step
  [WARNING] Batch 451 produced NaN/Inf loss - skipping gradient step
  [WARNING] Batch 452 produced NaN/Inf loss - skipping gradient step
  [WARNING] Batch 453 produced NaN/Inf loss - skipping gradient step
  [WARNING] Batch 454 produced NaN/Inf loss - skipping gradient step
  [WARNING] Batch 455 produced NaN/Inf loss - skipping gradient step
  [WARNING] Batch 456 produced NaN/Inf loss - skipping gradient step
  [WARNING] Batch 458 produced NaN/Inf loss - skipping gradient step
  [WARNING] Batch 459 produced NaN/Inf loss - skipping gradient step
  [WARNING] Batch 460 produced NaN/Inf loss - skipping gradient step
  [WARNING] Batch 461 produced NaN/Inf loss - skipping gradient step
  [WARNING] Batch 462 produced NaN/Inf loss - skipping gradient step
  [WARNING] Batch 464 produced NaN/Inf loss - skipping gradient step
  [WARNING] Batch 465 produced NaN/Inf loss - skipping gradient step
  [WARNING] Batch 466 produced NaN/Inf loss - skipping gradient step
  [WARNING] Batch 467 produced NaN/Inf loss - skipping gradient step
  [WARNING] Batch 470 produced NaN/Inf loss - skipping gradient step
  [WARNING] Batch 471 produced NaN/Inf loss - skipping gradient step
  [WARNING] Batch 473 produced NaN/Inf loss - skipping gradient step
  [WARNING] Batch 474 produced NaN/Inf loss - skipping gradient step
  [WARNING] Batch 476 produced NaN/Inf loss - skipping gradient step
  [WARNING] Batch 477 produced NaN/Inf loss - skipping gradient step
  [WARNING] Batch 478 produced NaN/Inf loss - skipping gradient step
  [WARNING] Batch 480 produced NaN/Inf loss - skipping gradient step
  [WARNING] Batch 481 produced NaN/Inf loss - skipping gradient step
  [WARNING] Batch 482 produced NaN/Inf loss - skipping gradient step
  [WARNING] Batch 483 produced NaN/Inf loss - skipping gradient step
  [WARNING] Batch 484 produced NaN/Inf loss - skipping gradient step
  [WARNING] Batch 485 produced NaN/Inf loss - skipping gradient step
  [WARNING] Batch 486 produced NaN/Inf loss - skipping gradient step
  [WARNING] Batch 487 produced NaN/Inf loss - skipping gradient step
  [WARNING] Batch 488 produced NaN/Inf loss - skipping gradient step
  [WARNING] Batch 489 produced NaN/Inf loss - skipping gradient step
  [WARNING] Batch 490 produced NaN/Inf loss - skipping gradient step
  [WARNING] Batch 491 produced NaN/Inf loss - skipping gradient step
  [WARNING] Batch 492 produced NaN/Inf loss - skipping gradient step
  [WARNING] Batch 493 produced NaN/Inf loss - skipping gradient step
  [WARNING] Batch 494 produced NaN/Inf loss - skipping gradient step
  [WARNING] Batch 495 produced NaN/Inf loss - skipping gradient step
  [WARNING] Batch 496 produced NaN/Inf loss - skipping gradient step
  [WARNING] Batch 497 produced NaN/Inf loss - skipping gradient step
  [WARNING] Batch 498 produced NaN/Inf loss - skipping gradient step
  [WARNING] Batch 499 produced NaN/Inf loss - skipping gradient step
  [WARNING] Batch 500 produced NaN/Inf loss - skipping gradient step
  [WARNING] Batch 501 produced NaN/Inf loss - skipping gradient step
  [WARNING] Batch 502 produced NaN/Inf loss - skipping gradient step
  [WARNING] Batch 504 produced NaN/Inf loss - skipping gradient step
  [WARNING] Batch 505 produced NaN/Inf loss - skipping gradient step
  [WARNING] Batch 506 produced NaN/Inf loss - skipping gradient step
  [WARNING] Batch 507 produced NaN/Inf loss - skipping gradient step
  [WARNING] Batch 509 produced NaN/Inf loss - skipping gradient step
  [WARNING] Batch 510 produced NaN/Inf loss - skipping gradient step
  [WARNING] Batch 512 produced NaN/Inf loss - skipping gradient step
  [WARNING] Batch 513 produced NaN/Inf loss - skipping gradient step
  [WARNING] Batch 514 produced NaN/Inf loss - skipping gradient step
  [WARNING] Batch 516 produced NaN/Inf loss - skipping gradient step
  [WARNING] Batch 517 produced NaN/Inf loss - skipping gradient step
  [WARNING] Batch 518 produced NaN/Inf loss - skipping gradient step
  [WARNING] Batch 519 produced NaN/Inf loss - skipping gradient step
  [WARNING] Batch 520 produced NaN/Inf loss - skipping gradient step
  [WARNING] Batch 521 produced NaN/Inf loss - skipping gradient step
  [WARNING] Batch 522 produced NaN/Inf loss - skipping gradient step
  [WARNING] Batch 525 produced NaN/Inf loss - skipping gradient step
  [WARNING] Batch 526 produced NaN/Inf loss - skipping gradient step
  [WARNING] Batch 528 produced NaN/Inf loss - skipping gradient step
  [WARNING] Batch 529 produced NaN/Inf loss - skipping gradient step
  [WARNING] Batch 530 produced NaN/Inf loss - skipping gradient step
  [WARNING] Batch 531 produced NaN/Inf loss - skipping gradient step
  [WARNING] Batch 532 produced NaN/Inf loss - skipping gradient step
  [WARNING] Batch 533 produced NaN/Inf loss - skipping gradient step
  [WARNING] Batch 535 produced NaN/Inf loss - skipping gradient step
  [WARNING] Batch 536 produced NaN/Inf loss - skipping gradient step
  [WARNING] Batch 537 produced NaN/Inf loss - skipping gradient step
  [WARNING] Batch 540 produced NaN/Inf loss - skipping gradient step
  [WARNING] Batch 541 produced NaN/Inf loss - skipping gradient step
  [WARNING] Batch 542 produced NaN/Inf loss - skipping gradient step
  [WARNING] Batch 543 produced NaN/Inf loss - skipping gradient step
  [WARNING] Batch 544 produced NaN/Inf loss - skipping gradient step
  [WARNING] Batch 545 produced NaN/Inf loss - skipping gradient step
  [WARNING] Batch 546 produced NaN/Inf loss - skipping gradient step
  [WARNING] Batch 547 produced NaN/Inf loss - skipping gradient step
  [WARNING] Batch 548 produced NaN/Inf loss - skipping gradient step
  [WARNING] Batch 549 produced NaN/Inf loss - skipping gradient step
  [WARNING] Batch 550 produced NaN/Inf loss - skipping gradient step
  [WARNING] Batch 551 produced NaN/Inf loss - skipping gradient step
  [WARNING] Batch 553 produced NaN/Inf loss - skipping gradient step
  [WARNING] Batch 554 produced NaN/Inf loss - skipping gradient step
  [WARNING] Batch 555 produced NaN/Inf loss - skipping gradient step
  [WARNING] Batch 556 produced NaN/Inf loss - skipping gradient step
  [WARNING] Batch 558 produced NaN/Inf loss - skipping gradient step
  [WARNING] Batch 562 produced NaN/Inf loss - skipping gradient step
  [WARNING] Batch 563 produced NaN/Inf loss - skipping gradient step
  [WARNING] Batch 564 produced NaN/Inf loss - skipping gradient step
  [WARNING] Batch 565 produced NaN/Inf loss - skipping gradient step
  [WARNING] Batch 566 produced NaN/Inf loss - skipping gradient step
  [WARNING] Batch 567 produced NaN/Inf loss - skipping gradient step
  [WARNING] Batch 568 produced NaN/Inf loss - skipping gradient step
  [WARNING] Batch 569 produced NaN/Inf loss - skipping gradient step
  [WARNING] Batch 572 produced NaN/Inf loss - skipping gradient step
  [WARNING] Batch 573 produced NaN/Inf loss - skipping gradient step
  [WARNING] Batch 574 produced NaN/Inf loss - skipping gradient step
  [WARNING] Batch 575 produced NaN/Inf loss - skipping gradient step
  [WARNING] Batch 576 produced NaN/Inf loss - skipping gradient step
  [WARNING] Batch 579 produced NaN/Inf loss - skipping gradient step
  [WARNING] Batch 580 produced NaN/Inf loss - skipping gradient step
  [WARNING] Batch 581 produced NaN/Inf loss - skipping gradient step
  [WARNING] Batch 582 produced NaN/Inf loss - skipping gradient step
  [WARNING] Batch 584 produced NaN/Inf loss - skipping gradient step
  [WARNING] Batch 585 produced NaN/Inf loss - skipping gradient step
  [WARNING] Batch 586 produced NaN/Inf loss - skipping gradient step
  [WARNING] Batch 587 produced NaN/Inf loss - skipping gradient step
  [WARNING] Batch 589 produced NaN/Inf loss - skipping gradient step
  [WARNING] Batch 590 produced NaN/Inf loss - skipping gradient step
  [WARNING] Batch 591 produced NaN/Inf loss - skipping gradient step
  [WARNING] Batch 593 produced NaN/Inf loss - skipping gradient step
  [WARNING] Batch 595 produced NaN/Inf loss - skipping gradient step
  [WARNING] Batch 597 produced NaN/Inf loss - skipping gradient step
  [WARNING] Batch 598 produced NaN/Inf loss - skipping gradient step
  [WARNING] Batch 600 produced NaN/Inf loss - skipping gradient step
  [WARNING] Batch 601 produced NaN/Inf loss - skipping gradient step
  [WARNING] Batch 602 produced NaN/Inf loss - skipping gradient step
  [WARNING] Batch 603 produced NaN/Inf loss - skipping gradient step
  [WARNING] Batch 605 produced NaN/Inf loss - skipping gradient step
  [WARNING] Batch 607 produced NaN/Inf loss - skipping gradient step
  [WARNING] Batch 608 produced NaN/Inf loss - skipping gradient step
  [WARNING] Batch 609 produced NaN/Inf loss - skipping gradient step
  [WARNING] Batch 610 produced NaN/Inf loss - skipping gradient step
  [WARNING] Batch 612 produced NaN/Inf loss - skipping gradient step
  [WARNING] Batch 615 produced NaN/Inf loss - skipping gradient step
  [WARNING] Batch 616 produced NaN/Inf loss - skipping gradient step
  [WARNING] Batch 618 produced NaN/Inf loss - skipping gradient step
  [WARNING] Batch 619 produced NaN/Inf loss - skipping gradient step
  [WARNING] Batch 621 produced NaN/Inf loss - skipping gradient step
  [WARNING] Batch 622 produced NaN/Inf loss - skipping gradient step
  [WARNING] Batch 623 produced NaN/Inf loss - skipping gradient step
  [WARNING] Batch 624 produced NaN/Inf loss - skipping gradient step
  [WARNING] Batch 625 produced NaN/Inf loss - skipping gradient step
  [WARNING] Batch 627 produced NaN/Inf loss - skipping gradient step
  [WARNING] Batch 628 produced NaN/Inf loss - skipping gradient step
  [WARNING] Batch 629 produced NaN/Inf loss - skipping gradient step
  [WARNING] Batch 631 produced NaN/Inf loss - skipping gradient step
  [WARNING] Batch 635 produced NaN/Inf loss - skipping gradient step
  [WARNING] Batch 636 produced NaN/Inf loss - skipping gradient step
  [WARNING] Batch 637 produced NaN/Inf loss - skipping gradient step
  [WARNING] Batch 638 produced NaN/Inf loss - skipping gradient step
  [WARNING] Batch 639 produced NaN/Inf loss - skipping gradient step
  [WARNING] Batch 640 produced NaN/Inf loss - skipping gradient step
  [WARNING] Batch 643 produced NaN/Inf loss - skipping gradient step
  [WARNING] Batch 644 produced NaN/Inf loss - skipping gradient step
  [WARNING] Batch 645 produced NaN/Inf loss - skipping gradient step
  [WARNING] Batch 647 produced NaN/Inf loss - skipping gradient step
  [Epoch 02/12] Batch 0650/1918 | Loss: 1.2765 | VRAM: 0.48 GB | LR: 5.00e-04
  [WARNING] Batch 651 produced NaN/Inf loss - skipping gradient step
  [WARNING] Batch 653 produced NaN/Inf loss - skipping gradient step
  [WARNING] Batch 654 produced NaN/Inf loss - skipping gradient step
  [WARNING] Batch 655 produced NaN/Inf loss - skipping gradient step
  [WARNING] Batch 657 produced NaN/Inf loss - skipping gradient step
  [WARNING] Batch 658 produced NaN/Inf loss - skipping gradient step
  [WARNING] Batch 659 produced NaN/Inf loss - skipping gradient step
  [WARNING] Batch 660 produced NaN/Inf loss - skipping gradient step
  [WARNING] Batch 662 produced NaN/Inf loss - skipping gradient step
  [WARNING] Batch 664 produced NaN/Inf loss - skipping gradient step
  [WARNING] Batch 666 produced NaN/Inf loss - skipping gradient step
  [WARNING] Batch 669 produced NaN/Inf loss - skipping gradient step
  [WARNING] Batch 670 produced NaN/Inf loss - skipping gradient step
  [WARNING] Batch 671 produced NaN/Inf loss - skipping gradient step
  [WARNING] Batch 672 produced NaN/Inf loss - skipping gradient step
  [WARNING] Batch 673 produced NaN/Inf loss - skipping gradient step
  [WARNING] Batch 674 produced NaN/Inf loss - skipping gradient step
  [WARNING] Batch 675 produced NaN/Inf loss - skipping gradient step
  [WARNING] Batch 676 produced NaN/Inf loss - skipping gradient step
  [WARNING] Batch 677 produced NaN/Inf loss - skipping gradient step
  [WARNING] Batch 678 produced NaN/Inf loss - skipping gradient step
  [WARNING] Batch 679 produced NaN/Inf loss - skipping gradient step
  [WARNING] Batch 680 produced NaN/Inf loss - skipping gradient step
  [WARNING] Batch 681 produced NaN/Inf loss - skipping gradient step
  [WARNING] Batch 682 produced NaN/Inf loss - skipping gradient step
  [WARNING] Batch 684 produced NaN/Inf loss - skipping gradient step
  [WARNING] Batch 685 produced NaN/Inf loss - skipping gradient step
  [WARNING] Batch 686 produced NaN/Inf loss - skipping gradient step
  [WARNING] Batch 687 produced NaN/Inf loss - skipping gradient step
  [WARNING] Batch 689 produced NaN/Inf loss - skipping gradient step
  [WARNING] Batch 691 produced NaN/Inf loss - skipping gradient step
  [WARNING] Batch 694 produced NaN/Inf loss - skipping gradient step
  [WARNING] Batch 695 produced NaN/Inf loss - skipping gradient step
  [WARNING] Batch 696 produced NaN/Inf loss - skipping gradient step
  [WARNING] Batch 697 produced NaN/Inf loss - skipping gradient step
  [WARNING] Batch 698 produced NaN/Inf loss - skipping gradient step
  [WARNING] Batch 699 produced NaN/Inf loss - skipping gradient step
  [WARNING] Batch 700 produced NaN/Inf loss - skipping gradient step
  [WARNING] Batch 701 produced NaN/Inf loss - skipping gradient step
  [WARNING] Batch 702 produced NaN/Inf loss - skipping gradient step
  [WARNING] Batch 703 produced NaN/Inf loss - skipping gradient step
  [WARNING] Batch 704 produced NaN/Inf loss - skipping gradient step
  [WARNING] Batch 706 produced NaN/Inf loss - skipping gradient step
  [WARNING] Batch 707 produced NaN/Inf loss - skipping gradient step
  [WARNING] Batch 708 produced NaN/Inf loss - skipping gradient step
  [WARNING] Batch 709 produced NaN/Inf loss - skipping gradient step
  [WARNING] Batch 710 produced NaN/Inf loss - skipping gradient step
  [WARNING] Batch 711 produced NaN/Inf loss - skipping gradient step
  [WARNING] Batch 713 produced NaN/Inf loss - skipping gradient step
  [WARNING] Batch 714 produced NaN/Inf loss - skipping gradient step
  [WARNING] Batch 715 produced NaN/Inf loss - skipping gradient step
  [WARNING] Batch 716 produced NaN/Inf loss - skipping gradient step
  [WARNING] Batch 717 produced NaN/Inf loss - skipping gradient step
  [WARNING] Batch 719 produced NaN/Inf loss - skipping gradient step
  [WARNING] Batch 720 produced NaN/Inf loss - skipping gradient step
  [WARNING] Batch 721 produced NaN/Inf loss - skipping gradient step
  [WARNING] Batch 722 produced NaN/Inf loss - skipping gradient step
  [WARNING] Batch 723 produced NaN/Inf loss - skipping gradient step
  [WARNING] Batch 724 produced NaN/Inf loss - skipping gradient step
  [WARNING] Batch 725 produced NaN/Inf loss - skipping gradient step
  [WARNING] Batch 726 produced NaN/Inf loss - skipping gradient step
  [WARNING] Batch 727 produced NaN/Inf loss - skipping gradient step
  [WARNING] Batch 728 produced NaN/Inf loss - skipping gradient step
  [WARNING] Batch 729 produced NaN/Inf loss - skipping gradient step
  [WARNING] Batch 730 produced NaN/Inf loss - skipping gradient step
  [WARNING] Batch 731 produced NaN/Inf loss - skipping gradient step
  [WARNING] Batch 732 produced NaN/Inf loss - skipping gradient step
  [WARNING] Batch 734 produced NaN/Inf loss - skipping gradient step
  [WARNING] Batch 735 produced NaN/Inf loss - skipping gradient step
  [WARNING] Batch 736 produced NaN/Inf loss - skipping gradient step
  [WARNING] Batch 737 produced NaN/Inf loss - skipping gradient step
  [WARNING] Batch 738 produced NaN/Inf loss - skipping gradient step
  [WARNING] Batch 740 produced NaN/Inf loss - skipping gradient step
  [WARNING] Batch 741 produced NaN/Inf loss - skipping gradient step
  [WARNING] Batch 742 produced NaN/Inf loss - skipping gradient step
  [WARNING] Batch 743 produced NaN/Inf loss - skipping gradient step
  [WARNING] Batch 744 produced NaN/Inf loss - skipping gradient step
  [WARNING] Batch 747 produced NaN/Inf loss - skipping gradient step
  [WARNING] Batch 748 produced NaN/Inf loss - skipping gradient step
  [WARNING] Batch 749 produced NaN/Inf loss - skipping gradient step
  [Epoch 02/12] Batch 0750/1918 | Loss: 1.1676 | VRAM: 0.48 GB | LR: 5.00e-04
  [WARNING] Batch 751 produced NaN/Inf loss - skipping gradient step
  [WARNING] Batch 752 produced NaN/Inf loss - skipping gradient step
  [WARNING] Batch 753 produced NaN/Inf loss - skipping gradient step
  [WARNING] Batch 754 produced NaN/Inf loss - skipping gradient step
  [WARNING] Batch 755 produced NaN/Inf loss - skipping gradient step
  [WARNING] Batch 756 produced NaN/Inf loss - skipping gradient step
  [WARNING] Batch 757 produced NaN/Inf loss - skipping gradient step
  [WARNING] Batch 758 produced NaN/Inf loss - skipping gradient step
  [WARNING] Batch 759 produced NaN/Inf loss - skipping gradient step
  [WARNING] Batch 760 produced NaN/Inf loss - skipping gradient step
  [WARNING] Batch 762 produced NaN/Inf loss - skipping gradient step
  [WARNING] Batch 763 produced NaN/Inf loss - skipping gradient step
  [WARNING] Batch 764 produced NaN/Inf loss - skipping gradient step
  [WARNING] Batch 765 produced NaN/Inf loss - skipping gradient step
  [WARNING] Batch 766 produced NaN/Inf loss - skipping gradient step
  [WARNING] Batch 767 produced NaN/Inf loss - skipping gradient step
  [WARNING] Batch 768 produced NaN/Inf loss - skipping gradient step
  [WARNING] Batch 769 produced NaN/Inf loss - skipping gradient step
  [WARNING] Batch 770 produced NaN/Inf loss - skipping gradient step
  [WARNING] Batch 771 produced NaN/Inf loss - skipping gradient step
  [WARNING] Batch 772 produced NaN/Inf loss - skipping gradient step
  [WARNING] Batch 773 produced NaN/Inf loss - skipping gradient step
  [WARNING] Batch 774 produced NaN/Inf loss - skipping gradient step
  [WARNING] Batch 776 produced NaN/Inf loss - skipping gradient step
  [WARNING] Batch 777 produced NaN/Inf loss - skipping gradient step
  [WARNING] Batch 778 produced NaN/Inf loss - skipping gradient step
  [WARNING] Batch 779 produced NaN/Inf loss - skipping gradient step
  [WARNING] Batch 780 produced NaN/Inf loss - skipping gradient step
  [WARNING] Batch 781 produced NaN/Inf loss - skipping gradient step
  [WARNING] Batch 782 produced NaN/Inf loss - skipping gradient step
  [WARNING] Batch 783 produced NaN/Inf loss - skipping gradient step
  [WARNING] Batch 784 produced NaN/Inf loss - skipping gradient step
  [WARNING] Batch 785 produced NaN/Inf loss - skipping gradient step
  [WARNING] Batch 786 produced NaN/Inf loss - skipping gradient step
  [WARNING] Batch 787 produced NaN/Inf loss - skipping gradient step
  [WARNING] Batch 788 produced NaN/Inf loss - skipping gradient step
  [WARNING] Batch 789 produced NaN/Inf loss - skipping gradient step
  [WARNING] Batch 790 produced NaN/Inf loss - skipping gradient step
  [WARNING] Batch 792 produced NaN/Inf loss - skipping gradient step
  [WARNING] Batch 793 produced NaN/Inf loss - skipping gradient step
  [WARNING] Batch 794 produced NaN/Inf loss - skipping gradient step
  [WARNING] Batch 795 produced NaN/Inf loss - skipping gradient step
  [WARNING] Batch 796 produced NaN/Inf loss - skipping gradient step
  [WARNING] Batch 797 produced NaN/Inf loss - skipping gradient step
  [WARNING] Batch 798 produced NaN/Inf loss - skipping gradient step
  [WARNING] Batch 799 produced NaN/Inf loss - skipping gradient step
  [Epoch 02/12] Batch 0800/1918 | Loss: 1.1059 | VRAM: 0.48 GB | LR: 5.00e-04
  [WARNING] Batch 801 produced NaN/Inf loss - skipping gradient step
  [WARNING] Batch 803 produced NaN/Inf loss - skipping gradient step
  [WARNING] Batch 804 produced NaN/Inf loss - skipping gradient step
  [WARNING] Batch 805 produced NaN/Inf loss - skipping gradient step
  [WARNING] Batch 807 produced NaN/Inf loss - skipping gradient step
  [WARNING] Batch 809 produced NaN/Inf loss - skipping gradient step
  [WARNING] Batch 810 produced NaN/Inf loss - skipping gradient step
  [WARNING] Batch 811 produced NaN/Inf loss - skipping gradient step
  [WARNING] Batch 812 produced NaN/Inf loss - skipping gradient step
  [WARNING] Batch 814 produced NaN/Inf loss - skipping gradient step
  [WARNING] Batch 816 produced NaN/Inf loss - skipping gradient step
  [WARNING] Batch 817 produced NaN/Inf loss - skipping gradient step
  [WARNING] Batch 818 produced NaN/Inf loss - skipping gradient step
  [WARNING] Batch 819 produced NaN/Inf loss - skipping gradient step
  [WARNING] Batch 820 produced NaN/Inf loss - skipping gradient step
  [WARNING] Batch 821 produced NaN/Inf loss - skipping gradient step
  [WARNING] Batch 822 produced NaN/Inf loss - skipping gradient step
  [WARNING] Batch 823 produced NaN/Inf loss - skipping gradient step
  [WARNING] Batch 824 produced NaN/Inf loss - skipping gradient step
  [WARNING] Batch 825 produced NaN/Inf loss - skipping gradient step
  [WARNING] Batch 826 produced NaN/Inf loss - skipping gradient step
  [WARNING] Batch 827 produced NaN/Inf loss - skipping gradient step
  [WARNING] Batch 828 produced NaN/Inf loss - skipping gradient step
  [WARNING] Batch 829 produced NaN/Inf loss - skipping gradient step
  [WARNING] Batch 830 produced NaN/Inf loss - skipping gradient step
  [WARNING] Batch 831 produced NaN/Inf loss - skipping gradient step
  [WARNING] Batch 832 produced NaN/Inf loss - skipping gradient step
  [WARNING] Batch 833 produced NaN/Inf loss - skipping gradient step
  [WARNING] Batch 834 produced NaN/Inf loss - skipping gradient step
  [WARNING] Batch 835 produced NaN/Inf loss - skipping gradient step
  [WARNING] Batch 836 produced NaN/Inf loss - skipping gradient step
  [WARNING] Batch 837 produced NaN/Inf loss - skipping gradient step
  [WARNING] Batch 838 produced NaN/Inf loss - skipping gradient step
  [WARNING] Batch 839 produced NaN/Inf loss - skipping gradient step
  [WARNING] Batch 841 produced NaN/Inf loss - skipping gradient step
  [WARNING] Batch 842 produced NaN/Inf loss - skipping gradient step
  [WARNING] Batch 843 produced NaN/Inf loss - skipping gradient step
  [WARNING] Batch 844 produced NaN/Inf loss - skipping gradient step
  [WARNING] Batch 845 produced NaN/Inf loss - skipping gradient step
  [WARNING] Batch 846 produced NaN/Inf loss - skipping gradient step
  [WARNING] Batch 847 produced NaN/Inf loss - skipping gradient step
  [WARNING] Batch 848 produced NaN/Inf loss - skipping gradient step
  [WARNING] Batch 849 produced NaN/Inf loss - skipping gradient step
  [WARNING] Batch 850 produced NaN/Inf loss - skipping gradient step
  [WARNING] Batch 851 produced NaN/Inf loss - skipping gradient step
  [WARNING] Batch 852 produced NaN/Inf loss - skipping gradient step
  [WARNING] Batch 853 produced NaN/Inf loss - skipping gradient step
  [WARNING] Batch 854 produced NaN/Inf loss - skipping gradient step
  [WARNING] Batch 856 produced NaN/Inf loss - skipping gradient step
  [WARNING] Batch 857 produced NaN/Inf loss - skipping gradient step
  [WARNING] Batch 860 produced NaN/Inf loss - skipping gradient step
  [WARNING] Batch 861 produced NaN/Inf loss - skipping gradient step
  [WARNING] Batch 863 produced NaN/Inf loss - skipping gradient step
  [WARNING] Batch 864 produced NaN/Inf loss - skipping gradient step
  [WARNING] Batch 865 produced NaN/Inf loss - skipping gradient step
  [WARNING] Batch 867 produced NaN/Inf loss - skipping gradient step
  [WARNING] Batch 868 produced NaN/Inf loss - skipping gradient step
  [WARNING] Batch 869 produced NaN/Inf loss - skipping gradient step
  [WARNING] Batch 870 produced NaN/Inf loss - skipping gradient step
  [WARNING] Batch 871 produced NaN/Inf loss - skipping gradient step
  [WARNING] Batch 873 produced NaN/Inf loss - skipping gradient step
  [WARNING] Batch 875 produced NaN/Inf loss - skipping gradient step
  [WARNING] Batch 876 produced NaN/Inf loss - skipping gradient step
  [WARNING] Batch 877 produced NaN/Inf loss - skipping gradient step
  [WARNING] Batch 878 produced NaN/Inf loss - skipping gradient step
  [WARNING] Batch 879 produced NaN/Inf loss - skipping gradient step
  [WARNING] Batch 880 produced NaN/Inf loss - skipping gradient step
  [WARNING] Batch 881 produced NaN/Inf loss - skipping gradient step
  [WARNING] Batch 883 produced NaN/Inf loss - skipping gradient step
  [WARNING] Batch 884 produced NaN/Inf loss - skipping gradient step
  [WARNING] Batch 885 produced NaN/Inf loss - skipping gradient step
  [WARNING] Batch 887 produced NaN/Inf loss - skipping gradient step
  [WARNING] Batch 888 produced NaN/Inf loss - skipping gradient step
  [WARNING] Batch 889 produced NaN/Inf loss - skipping gradient step
  [WARNING] Batch 890 produced NaN/Inf loss - skipping gradient step
  [WARNING] Batch 892 produced NaN/Inf loss - skipping gradient step
  [WARNING] Batch 893 produced NaN/Inf loss - skipping gradient step
  [WARNING] Batch 894 produced NaN/Inf loss - skipping gradient step
  [WARNING] Batch 895 produced NaN/Inf loss - skipping gradient step
  [WARNING] Batch 896 produced NaN/Inf loss - skipping gradient step
  [WARNING] Batch 897 produced NaN/Inf loss - skipping gradient step
  [WARNING] Batch 898 produced NaN/Inf loss - skipping gradient step
  [WARNING] Batch 899 produced NaN/Inf loss - skipping gradient step
  [Epoch 02/12] Batch 0900/1918 | Loss: 1.0256 | VRAM: 0.48 GB | LR: 5.00e-04
  [WARNING] Batch 901 produced NaN/Inf loss - skipping gradient step
  [WARNING] Batch 904 produced NaN/Inf loss - skipping gradient step
  [WARNING] Batch 905 produced NaN/Inf loss - skipping gradient step
  [WARNING] Batch 907 produced NaN/Inf loss - skipping gradient step
  [WARNING] Batch 909 produced NaN/Inf loss - skipping gradient step
  [WARNING] Batch 910 produced NaN/Inf loss - skipping gradient step
  [WARNING] Batch 911 produced NaN/Inf loss - skipping gradient step
  [WARNING] Batch 913 produced NaN/Inf loss - skipping gradient step
  [WARNING] Batch 914 produced NaN/Inf loss - skipping gradient step
  [WARNING] Batch 915 produced NaN/Inf loss - skipping gradient step
  [WARNING] Batch 916 produced NaN/Inf loss - skipping gradient step
  [WARNING] Batch 917 produced NaN/Inf loss - skipping gradient step
  [WARNING] Batch 918 produced NaN/Inf loss - skipping gradient step
  [WARNING] Batch 919 produced NaN/Inf loss - skipping gradient step
  [WARNING] Batch 920 produced NaN/Inf loss - skipping gradient step
  [WARNING] Batch 921 produced NaN/Inf loss - skipping gradient step
  [WARNING] Batch 922 produced NaN/Inf loss - skipping gradient step
  [WARNING] Batch 925 produced NaN/Inf loss - skipping gradient step
  [WARNING] Batch 926 produced NaN/Inf loss - skipping gradient step
  [WARNING] Batch 927 produced NaN/Inf loss - skipping gradient step
  [WARNING] Batch 928 produced NaN/Inf loss - skipping gradient step
  [WARNING] Batch 930 produced NaN/Inf loss - skipping gradient step
  [WARNING] Batch 933 produced NaN/Inf loss - skipping gradient step
  [WARNING] Batch 934 produced NaN/Inf loss - skipping gradient step
  [WARNING] Batch 935 produced NaN/Inf loss - skipping gradient step
  [WARNING] Batch 936 produced NaN/Inf loss - skipping gradient step
  [WARNING] Batch 938 produced NaN/Inf loss - skipping gradient step
  [WARNING] Batch 939 produced NaN/Inf loss - skipping gradient step
  [WARNING] Batch 940 produced NaN/Inf loss - skipping gradient step
  [WARNING] Batch 941 produced NaN/Inf loss - skipping gradient step
  [WARNING] Batch 942 produced NaN/Inf loss - skipping gradient step
  [WARNING] Batch 944 produced NaN/Inf loss - skipping gradient step
  [WARNING] Batch 945 produced NaN/Inf loss - skipping gradient step
  [WARNING] Batch 946 produced NaN/Inf loss - skipping gradient step
  [WARNING] Batch 947 produced NaN/Inf loss - skipping gradient step
  [WARNING] Batch 948 produced NaN/Inf loss - skipping gradient step
  [Epoch 02/12] Batch 0950/1918 | Loss: 1.0068 | VRAM: 0.48 GB | LR: 5.00e-04
  [WARNING] Batch 951 produced NaN/Inf loss - skipping gradient step
  [WARNING] Batch 952 produced NaN/Inf loss - skipping gradient step
  [WARNING] Batch 954 produced NaN/Inf loss - skipping gradient step
  [WARNING] Batch 955 produced NaN/Inf loss - skipping gradient step
  [WARNING] Batch 956 produced NaN/Inf loss - skipping gradient step
  [WARNING] Batch 958 produced NaN/Inf loss - skipping gradient step
  [WARNING] Batch 960 produced NaN/Inf loss - skipping gradient step
  [WARNING] Batch 961 produced NaN/Inf loss - skipping gradient step
  [WARNING] Batch 962 produced NaN/Inf loss - skipping gradient step
  [WARNING] Batch 963 produced NaN/Inf loss - skipping gradient step
  [WARNING] Batch 964 produced NaN/Inf loss - skipping gradient step
  [WARNING] Batch 966 produced NaN/Inf loss - skipping gradient step
  [WARNING] Batch 967 produced NaN/Inf loss - skipping gradient step
  [WARNING] Batch 968 produced NaN/Inf loss - skipping gradient step
  [WARNING] Batch 969 produced NaN/Inf loss - skipping gradient step
  [WARNING] Batch 970 produced NaN/Inf loss - skipping gradient step
  [WARNING] Batch 971 produced NaN/Inf loss - skipping gradient step
  [WARNING] Batch 972 produced NaN/Inf loss - skipping gradient step
  [WARNING] Batch 973 produced NaN/Inf loss - skipping gradient step
  [WARNING] Batch 974 produced NaN/Inf loss - skipping gradient step
  [WARNING] Batch 975 produced NaN/Inf loss - skipping gradient step
  [WARNING] Batch 977 produced NaN/Inf loss - skipping gradient step
  [WARNING] Batch 978 produced NaN/Inf loss - skipping gradient step
  [WARNING] Batch 979 produced NaN/Inf loss - skipping gradient step
  [WARNING] Batch 980 produced NaN/Inf loss - skipping gradient step
  [WARNING] Batch 982 produced NaN/Inf loss - skipping gradient step
  [WARNING] Batch 984 produced NaN/Inf loss - skipping gradient step
  [WARNING] Batch 986 produced NaN/Inf loss - skipping gradient step
  [WARNING] Batch 987 produced NaN/Inf loss - skipping gradient step
  [WARNING] Batch 988 produced NaN/Inf loss - skipping gradient step
  [WARNING] Batch 989 produced NaN/Inf loss - skipping gradient step
  [WARNING] Batch 990 produced NaN/Inf loss - skipping gradient step
  [WARNING] Batch 992 produced NaN/Inf loss - skipping gradient step
  [WARNING] Batch 993 produced NaN/Inf loss - skipping gradient step
  [WARNING] Batch 994 produced NaN/Inf loss - skipping gradient step
  [WARNING] Batch 995 produced NaN/Inf loss - skipping gradient step
  [WARNING] Batch 996 produced NaN/Inf loss - skipping gradient step
  [WARNING] Batch 997 produced NaN/Inf loss - skipping gradient step
  [WARNING] Batch 998 produced NaN/Inf loss - skipping gradient step
  [WARNING] Batch 999 produced NaN/Inf loss - skipping gradient step
  [WARNING] Batch 1000 produced NaN/Inf loss - skipping gradient step
  [WARNING] Batch 1001 produced NaN/Inf loss - skipping gradient step
  [WARNING] Batch 1002 produced NaN/Inf loss - skipping gradient step
  [WARNING] Batch 1003 produced NaN/Inf loss - skipping gradient step
  [WARNING] Batch 1005 produced NaN/Inf loss - skipping gradient step
  [WARNING] Batch 1006 produced NaN/Inf loss - skipping gradient step
  [WARNING] Batch 1008 produced NaN/Inf loss - skipping gradient step
  [WARNING] Batch 1009 produced NaN/Inf loss - skipping gradient step
  [WARNING] Batch 1010 produced NaN/Inf loss - skipping gradient step
  [WARNING] Batch 1012 produced NaN/Inf loss - skipping gradient step
  [WARNING] Batch 1013 produced NaN/Inf loss - skipping gradient step
  [WARNING] Batch 1015 produced NaN/Inf loss - skipping gradient step
  [WARNING] Batch 1016 produced NaN/Inf loss - skipping gradient step
  [WARNING] Batch 1018 produced NaN/Inf loss - skipping gradient step
  [WARNING] Batch 1019 produced NaN/Inf loss - skipping gradient step
  [WARNING] Batch 1020 produced NaN/Inf loss - skipping gradient step
  [WARNING] Batch 1021 produced NaN/Inf loss - skipping gradient step
  [WARNING] Batch 1022 produced NaN/Inf loss - skipping gradient step
  [WARNING] Batch 1023 produced NaN/Inf loss - skipping gradient step
  [WARNING] Batch 1024 produced NaN/Inf loss - skipping gradient step
  [WARNING] Batch 1025 produced NaN/Inf loss - skipping gradient step
  [WARNING] Batch 1026 produced NaN/Inf loss - skipping gradient step
  [WARNING] Batch 1027 produced NaN/Inf loss - skipping gradient step
  [WARNING] Batch 1029 produced NaN/Inf loss - skipping gradient step
  [WARNING] Batch 1031 produced NaN/Inf loss - skipping gradient step
  [WARNING] Batch 1032 produced NaN/Inf loss - skipping gradient step
  [WARNING] Batch 1033 produced NaN/Inf loss - skipping gradient step
  [WARNING] Batch 1034 produced NaN/Inf loss - skipping gradient step
  [WARNING] Batch 1035 produced NaN/Inf loss - skipping gradient step
  [WARNING] Batch 1036 produced NaN/Inf loss - skipping gradient step
  [WARNING] Batch 1038 produced NaN/Inf loss - skipping gradient step
  [WARNING] Batch 1040 produced NaN/Inf loss - skipping gradient step
  [WARNING] Batch 1043 produced NaN/Inf loss - skipping gradient step
  [WARNING] Batch 1044 produced NaN/Inf loss - skipping gradient step
  [WARNING] Batch 1045 produced NaN/Inf loss - skipping gradient step
  [WARNING] Batch 1050 produced NaN/Inf loss - skipping gradient step
  [WARNING] Batch 1051 produced NaN/Inf loss - skipping gradient step
  [WARNING] Batch 1052 produced NaN/Inf loss - skipping gradient step
  [WARNING] Batch 1053 produced NaN/Inf loss - skipping gradient step
  [WARNING] Batch 1054 produced NaN/Inf loss - skipping gradient step
  [WARNING] Batch 1055 produced NaN/Inf loss - skipping gradient step
  [WARNING] Batch 1056 produced NaN/Inf loss - skipping gradient step
  [WARNING] Batch 1057 produced NaN/Inf loss - skipping gradient step
  [WARNING] Batch 1058 produced NaN/Inf loss - skipping gradient step
  [WARNING] Batch 1059 produced NaN/Inf loss - skipping gradient step
  [WARNING] Batch 1060 produced NaN/Inf loss - skipping gradient step
  [WARNING] Batch 1062 produced NaN/Inf loss - skipping gradient step
  [WARNING] Batch 1064 produced NaN/Inf loss - skipping gradient step
  [WARNING] Batch 1067 produced NaN/Inf loss - skipping gradient step
  [WARNING] Batch 1068 produced NaN/Inf loss - skipping gradient step
  [WARNING] Batch 1069 produced NaN/Inf loss - skipping gradient step
  [WARNING] Batch 1070 produced NaN/Inf loss - skipping gradient step
  [WARNING] Batch 1071 produced NaN/Inf loss - skipping gradient step
  [WARNING] Batch 1072 produced NaN/Inf loss - skipping gradient step
  [WARNING] Batch 1073 produced NaN/Inf loss - skipping gradient step
  [WARNING] Batch 1074 produced NaN/Inf loss - skipping gradient step
  [WARNING] Batch 1076 produced NaN/Inf loss - skipping gradient step
  [WARNING] Batch 1078 produced NaN/Inf loss - skipping gradient step
  [WARNING] Batch 1079 produced NaN/Inf loss - skipping gradient step
  [WARNING] Batch 1080 produced NaN/Inf loss - skipping gradient step
  [WARNING] Batch 1081 produced NaN/Inf loss - skipping gradient step
  [WARNING] Batch 1082 produced NaN/Inf loss - skipping gradient step
  [WARNING] Batch 1084 produced NaN/Inf loss - skipping gradient step
  [WARNING] Batch 1085 produced NaN/Inf loss - skipping gradient step
  [WARNING] Batch 1086 produced NaN/Inf loss - skipping gradient step
  [WARNING] Batch 1087 produced NaN/Inf loss - skipping gradient step
  [WARNING] Batch 1088 produced NaN/Inf loss - skipping gradient step
  [WARNING] Batch 1089 produced NaN/Inf loss - skipping gradient step
  [WARNING] Batch 1090 produced NaN/Inf loss - skipping gradient step
  [WARNING] Batch 1093 produced NaN/Inf loss - skipping gradient step
  [WARNING] Batch 1094 produced NaN/Inf loss - skipping gradient step
  [WARNING] Batch 1095 produced NaN/Inf loss - skipping gradient step
  [WARNING] Batch 1096 produced NaN/Inf loss - skipping gradient step
  [WARNING] Batch 1098 produced NaN/Inf loss - skipping gradient step
  [WARNING] Batch 1099 produced NaN/Inf loss - skipping gradient step
  [Epoch 02/12] Batch 1100/1918 | Loss: 0.9444 | VRAM: 0.48 GB | LR: 5.00e-04
  [WARNING] Batch 1101 produced NaN/Inf loss - skipping gradient step
  [WARNING] Batch 1102 produced NaN/Inf loss - skipping gradient step
  [WARNING] Batch 1103 produced NaN/Inf loss - skipping gradient step
  [WARNING] Batch 1105 produced NaN/Inf loss - skipping gradient step
  [WARNING] Batch 1107 produced NaN/Inf loss - skipping gradient step
  [WARNING] Batch 1108 produced NaN/Inf loss - skipping gradient step
  [WARNING] Batch 1112 produced NaN/Inf loss - skipping gradient step
  [WARNING] Batch 1113 produced NaN/Inf loss - skipping gradient step
  [WARNING] Batch 1114 produced NaN/Inf loss - skipping gradient step
  [WARNING] Batch 1115 produced NaN/Inf loss - skipping gradient step
  [WARNING] Batch 1117 produced NaN/Inf loss - skipping gradient step
  [WARNING] Batch 1118 produced NaN/Inf loss - skipping gradient step
  [WARNING] Batch 1120 produced NaN/Inf loss - skipping gradient step
  [WARNING] Batch 1122 produced NaN/Inf loss - skipping gradient step
  [WARNING] Batch 1123 produced NaN/Inf loss - skipping gradient step
  [WARNING] Batch 1124 produced NaN/Inf loss - skipping gradient step
  [WARNING] Batch 1125 produced NaN/Inf loss - skipping gradient step
  [WARNING] Batch 1126 produced NaN/Inf loss - skipping gradient step
  [WARNING] Batch 1127 produced NaN/Inf loss - skipping gradient step
  [WARNING] Batch 1128 produced NaN/Inf loss - skipping gradient step
  [WARNING] Batch 1129 produced NaN/Inf loss - skipping gradient step
  [WARNING] Batch 1131 produced NaN/Inf loss - skipping gradient step
  [WARNING] Batch 1132 produced NaN/Inf loss - skipping gradient step
  [WARNING] Batch 1134 produced NaN/Inf loss - skipping gradient step
  [WARNING] Batch 1135 produced NaN/Inf loss - skipping gradient step
  [WARNING] Batch 1136 produced NaN/Inf loss - skipping gradient step
  [WARNING] Batch 1137 produced NaN/Inf loss - skipping gradient step
  [WARNING] Batch 1138 produced NaN/Inf loss - skipping gradient step
  [WARNING] Batch 1139 produced NaN/Inf loss - skipping gradient step
  [WARNING] Batch 1140 produced NaN/Inf loss - skipping gradient step
  [WARNING] Batch 1141 produced NaN/Inf loss - skipping gradient step
  [WARNING] Batch 1142 produced NaN/Inf loss - skipping gradient step
  [WARNING] Batch 1143 produced NaN/Inf loss - skipping gradient step
  [WARNING] Batch 1144 produced NaN/Inf loss - skipping gradient step
  [WARNING] Batch 1145 produced NaN/Inf loss - skipping gradient step
  [WARNING] Batch 1146 produced NaN/Inf loss - skipping gradient step
  [WARNING] Batch 1147 produced NaN/Inf loss - skipping gradient step
  [WARNING] Batch 1148 produced NaN/Inf loss - skipping gradient step
  [WARNING] Batch 1149 produced NaN/Inf loss - skipping gradient step
  [WARNING] Batch 1150 produced NaN/Inf loss - skipping gradient step
  [WARNING] Batch 1151 produced NaN/Inf loss - skipping gradient step
  [WARNING] Batch 1152 produced NaN/Inf loss - skipping gradient step
  [WARNING] Batch 1153 produced NaN/Inf loss - skipping gradient step
  [WARNING] Batch 1154 produced NaN/Inf loss - skipping gradient step
  [WARNING] Batch 1156 produced NaN/Inf loss - skipping gradient step
  [WARNING] Batch 1157 produced NaN/Inf loss - skipping gradient step
  [WARNING] Batch 1158 produced NaN/Inf loss - skipping gradient step
  [WARNING] Batch 1159 produced NaN/Inf loss - skipping gradient step
  [WARNING] Batch 1160 produced NaN/Inf loss - skipping gradient step
  [WARNING] Batch 1161 produced NaN/Inf loss - skipping gradient step
  [WARNING] Batch 1162 produced NaN/Inf loss - skipping gradient step
  [WARNING] Batch 1163 produced NaN/Inf loss - skipping gradient step
  [WARNING] Batch 1165 produced NaN/Inf loss - skipping gradient step
  [WARNING] Batch 1166 produced NaN/Inf loss - skipping gradient step
  [WARNING] Batch 1167 produced NaN/Inf loss - skipping gradient step
  [WARNING] Batch 1168 produced NaN/Inf loss - skipping gradient step
  [WARNING] Batch 1169 produced NaN/Inf loss - skipping gradient step
  [WARNING] Batch 1170 produced NaN/Inf loss - skipping gradient step
  [WARNING] Batch 1173 produced NaN/Inf loss - skipping gradient step
  [WARNING] Batch 1174 produced NaN/Inf loss - skipping gradient step
  [WARNING] Batch 1178 produced NaN/Inf loss - skipping gradient step
  [WARNING] Batch 1179 produced NaN/Inf loss - skipping gradient step
  [WARNING] Batch 1180 produced NaN/Inf loss - skipping gradient step
  [WARNING] Batch 1181 produced NaN/Inf loss - skipping gradient step
  [WARNING] Batch 1182 produced NaN/Inf loss - skipping gradient step
  [WARNING] Batch 1183 produced NaN/Inf loss - skipping gradient step
  [WARNING] Batch 1184 produced NaN/Inf loss - skipping gradient step
  [WARNING] Batch 1185 produced NaN/Inf loss - skipping gradient step
  [WARNING] Batch 1186 produced NaN/Inf loss - skipping gradient step
  [WARNING] Batch 1187 produced NaN/Inf loss - skipping gradient step
  [WARNING] Batch 1188 produced NaN/Inf loss - skipping gradient step
  [WARNING] Batch 1189 produced NaN/Inf loss - skipping gradient step
  [WARNING] Batch 1190 produced NaN/Inf loss - skipping gradient step
  [WARNING] Batch 1191 produced NaN/Inf loss - skipping gradient step
  [WARNING] Batch 1192 produced NaN/Inf loss - skipping gradient step
  [WARNING] Batch 1193 produced NaN/Inf loss - skipping gradient step
  [WARNING] Batch 1194 produced NaN/Inf loss - skipping gradient step
  [WARNING] Batch 1195 produced NaN/Inf loss - skipping gradient step
  [WARNING] Batch 1196 produced NaN/Inf loss - skipping gradient step
  [WARNING] Batch 1197 produced NaN/Inf loss - skipping gradient step
  [WARNING] Batch 1198 produced NaN/Inf loss - skipping gradient step
  [WARNING] Batch 1200 produced NaN/Inf loss - skipping gradient step
  [WARNING] Batch 1203 produced NaN/Inf loss - skipping gradient step
  [WARNING] Batch 1204 produced NaN/Inf loss - skipping gradient step
  [WARNING] Batch 1205 produced NaN/Inf loss - skipping gradient step
  [WARNING] Batch 1206 produced NaN/Inf loss - skipping gradient step
  [WARNING] Batch 1207 produced NaN/Inf loss - skipping gradient step
  [WARNING] Batch 1209 produced NaN/Inf loss - skipping gradient step
  [WARNING] Batch 1212 produced NaN/Inf loss - skipping gradient step
  [WARNING] Batch 1213 produced NaN/Inf loss - skipping gradient step
  [WARNING] Batch 1214 produced NaN/Inf loss - skipping gradient step
  [WARNING] Batch 1215 produced NaN/Inf loss - skipping gradient step
  [WARNING] Batch 1216 produced NaN/Inf loss - skipping gradient step
  [WARNING] Batch 1217 produced NaN/Inf loss - skipping gradient step
  [WARNING] Batch 1218 produced NaN/Inf loss - skipping gradient step
  [WARNING] Batch 1219 produced NaN/Inf loss - skipping gradient step
  [WARNING] Batch 1220 produced NaN/Inf loss - skipping gradient step
  [WARNING] Batch 1221 produced NaN/Inf loss - skipping gradient step
  [WARNING] Batch 1222 produced NaN/Inf loss - skipping gradient step
  [WARNING] Batch 1223 produced NaN/Inf loss - skipping gradient step
  [WARNING] Batch 1224 produced NaN/Inf loss - skipping gradient step
  [WARNING] Batch 1226 produced NaN/Inf loss - skipping gradient step
  [WARNING] Batch 1228 produced NaN/Inf loss - skipping gradient step
  [WARNING] Batch 1229 produced NaN/Inf loss - skipping gradient step
  [WARNING] Batch 1231 produced NaN/Inf loss - skipping gradient step
  [WARNING] Batch 1232 produced NaN/Inf loss - skipping gradient step
  [WARNING] Batch 1234 produced NaN/Inf loss - skipping gradient step
  [WARNING] Batch 1235 produced NaN/Inf loss - skipping gradient step
  [WARNING] Batch 1236 produced NaN/Inf loss - skipping gradient step
  [WARNING] Batch 1238 produced NaN/Inf loss - skipping gradient step
  [WARNING] Batch 1239 produced NaN/Inf loss - skipping gradient step
  [WARNING] Batch 1240 produced NaN/Inf loss - skipping gradient step
  [WARNING] Batch 1241 produced NaN/Inf loss - skipping gradient step
  [WARNING] Batch 1242 produced NaN/Inf loss - skipping gradient step
  [WARNING] Batch 1243 produced NaN/Inf loss - skipping gradient step
  [WARNING] Batch 1244 produced NaN/Inf loss - skipping gradient step
  [WARNING] Batch 1246 produced NaN/Inf loss - skipping gradient step
  [WARNING] Batch 1247 produced NaN/Inf loss - skipping gradient step
  [WARNING] Batch 1248 produced NaN/Inf loss - skipping gradient step
  [WARNING] Batch 1250 produced NaN/Inf loss - skipping gradient step
  [WARNING] Batch 1251 produced NaN/Inf loss - skipping gradient step
  [WARNING] Batch 1252 produced NaN/Inf loss - skipping gradient step
  [WARNING] Batch 1254 produced NaN/Inf loss - skipping gradient step
  [WARNING] Batch 1255 produced NaN/Inf loss - skipping gradient step
  [WARNING] Batch 1257 produced NaN/Inf loss - skipping gradient step
  [WARNING] Batch 1258 produced NaN/Inf loss - skipping gradient step
  [WARNING] Batch 1259 produced NaN/Inf loss - skipping gradient step
  [WARNING] Batch 1260 produced NaN/Inf loss - skipping gradient step
  [WARNING] Batch 1261 produced NaN/Inf loss - skipping gradient step
  [WARNING] Batch 1262 produced NaN/Inf loss - skipping gradient step
  [WARNING] Batch 1263 produced NaN/Inf loss - skipping gradient step
  [WARNING] Batch 1265 produced NaN/Inf loss - skipping gradient step
  [WARNING] Batch 1266 produced NaN/Inf loss - skipping gradient step
  [WARNING] Batch 1267 produced NaN/Inf loss - skipping gradient step
  [WARNING] Batch 1268 produced NaN/Inf loss - skipping gradient step
  [WARNING] Batch 1271 produced NaN/Inf loss - skipping gradient step
  [WARNING] Batch 1272 produced NaN/Inf loss - skipping gradient step
  [WARNING] Batch 1273 produced NaN/Inf loss - skipping gradient step
  [WARNING] Batch 1274 produced NaN/Inf loss - skipping gradient step
  [WARNING] Batch 1275 produced NaN/Inf loss - skipping gradient step
  [WARNING] Batch 1276 produced NaN/Inf loss - skipping gradient step
  [WARNING] Batch 1277 produced NaN/Inf loss - skipping gradient step
  [WARNING] Batch 1279 produced NaN/Inf loss - skipping gradient step
  [WARNING] Batch 1280 produced NaN/Inf loss - skipping gradient step
  [WARNING] Batch 1281 produced NaN/Inf loss - skipping gradient step
  [WARNING] Batch 1282 produced NaN/Inf loss - skipping gradient step
  [WARNING] Batch 1284 produced NaN/Inf loss - skipping gradient step
  [WARNING] Batch 1285 produced NaN/Inf loss - skipping gradient step
  [WARNING] Batch 1286 produced NaN/Inf loss - skipping gradient step
  [WARNING] Batch 1290 produced NaN/Inf loss - skipping gradient step
  [WARNING] Batch 1291 produced NaN/Inf loss - skipping gradient step
  [WARNING] Batch 1292 produced NaN/Inf loss - skipping gradient step
  [WARNING] Batch 1293 produced NaN/Inf loss - skipping gradient step
  [WARNING] Batch 1295 produced NaN/Inf loss - skipping gradient step
  [WARNING] Batch 1296 produced NaN/Inf loss - skipping gradient step
  [WARNING] Batch 1297 produced NaN/Inf loss - skipping gradient step
  [WARNING] Batch 1299 produced NaN/Inf loss - skipping gradient step
  [WARNING] Batch 1300 produced NaN/Inf loss - skipping gradient step
  [WARNING] Batch 1301 produced NaN/Inf loss - skipping gradient step
  [WARNING] Batch 1302 produced NaN/Inf loss - skipping gradient step
  [WARNING] Batch 1304 produced NaN/Inf loss - skipping gradient step
  [WARNING] Batch 1305 produced NaN/Inf loss - skipping gradient step
  [WARNING] Batch 1306 produced NaN/Inf loss - skipping gradient step
  [WARNING] Batch 1307 produced NaN/Inf loss - skipping gradient step
  [WARNING] Batch 1308 produced NaN/Inf loss - skipping gradient step
  [WARNING] Batch 1309 produced NaN/Inf loss - skipping gradient step
  [WARNING] Batch 1310 produced NaN/Inf loss - skipping gradient step
  [WARNING] Batch 1311 produced NaN/Inf loss - skipping gradient step
  [WARNING] Batch 1312 produced NaN/Inf loss - skipping gradient step
  [WARNING] Batch 1313 produced NaN/Inf loss - skipping gradient step
  [WARNING] Batch 1314 produced NaN/Inf loss - skipping gradient step
  [WARNING] Batch 1315 produced NaN/Inf loss - skipping gradient step
  [WARNING] Batch 1316 produced NaN/Inf loss - skipping gradient step
  [WARNING] Batch 1317 produced NaN/Inf loss - skipping gradient step
  [WARNING] Batch 1318 produced NaN/Inf loss - skipping gradient step
  [WARNING] Batch 1319 produced NaN/Inf loss - skipping gradient step
  [WARNING] Batch 1320 produced NaN/Inf loss - skipping gradient step
  [WARNING] Batch 1322 produced NaN/Inf loss - skipping gradient step
  [WARNING] Batch 1324 produced NaN/Inf loss - skipping gradient step
  [WARNING] Batch 1325 produced NaN/Inf loss - skipping gradient step
  [WARNING] Batch 1326 produced NaN/Inf loss - skipping gradient step
  [WARNING] Batch 1327 produced NaN/Inf loss - skipping gradient step
  [WARNING] Batch 1328 produced NaN/Inf loss - skipping gradient step
  [WARNING] Batch 1330 produced NaN/Inf loss - skipping gradient step
  [WARNING] Batch 1331 produced NaN/Inf loss - skipping gradient step
  [WARNING] Batch 1332 produced NaN/Inf loss - skipping gradient step
  [WARNING] Batch 1334 produced NaN/Inf loss - skipping gradient step
  [WARNING] Batch 1335 produced NaN/Inf loss - skipping gradient step
  [WARNING] Batch 1336 produced NaN/Inf loss - skipping gradient step
  [WARNING] Batch 1337 produced NaN/Inf loss - skipping gradient step
  [WARNING] Batch 1338 produced NaN/Inf loss - skipping gradient step
  [WARNING] Batch 1339 produced NaN/Inf loss - skipping gradient step
  [WARNING] Batch 1340 produced NaN/Inf loss - skipping gradient step
  [WARNING] Batch 1343 produced NaN/Inf loss - skipping gradient step
  [WARNING] Batch 1344 produced NaN/Inf loss - skipping gradient step
  [WARNING] Batch 1345 produced NaN/Inf loss - skipping gradient step
  [WARNING] Batch 1346 produced NaN/Inf loss - skipping gradient step
  [WARNING] Batch 1347 produced NaN/Inf loss - skipping gradient step
  [WARNING] Batch 1348 produced NaN/Inf loss - skipping gradient step
  [WARNING] Batch 1350 produced NaN/Inf loss - skipping gradient step
  [WARNING] Batch 1351 produced NaN/Inf loss - skipping gradient step
  [WARNING] Batch 1353 produced NaN/Inf loss - skipping gradient step
  [WARNING] Batch 1354 produced NaN/Inf loss - skipping gradient step
  [WARNING] Batch 1359 produced NaN/Inf loss - skipping gradient step
  [WARNING] Batch 1362 produced NaN/Inf loss - skipping gradient step
  [WARNING] Batch 1363 produced NaN/Inf loss - skipping gradient step
  [WARNING] Batch 1364 produced NaN/Inf loss - skipping gradient step
  [WARNING] Batch 1365 produced NaN/Inf loss - skipping gradient step
  [WARNING] Batch 1367 produced NaN/Inf loss - skipping gradient step
  [WARNING] Batch 1370 produced NaN/Inf loss - skipping gradient step
  [WARNING] Batch 1371 produced NaN/Inf loss - skipping gradient step
  [WARNING] Batch 1372 produced NaN/Inf loss - skipping gradient step
  [WARNING] Batch 1373 produced NaN/Inf loss - skipping gradient step
  [WARNING] Batch 1374 produced NaN/Inf loss - skipping gradient step
  [WARNING] Batch 1375 produced NaN/Inf loss - skipping gradient step
  [WARNING] Batch 1376 produced NaN/Inf loss - skipping gradient step
  [WARNING] Batch 1377 produced NaN/Inf loss - skipping gradient step
  [WARNING] Batch 1380 produced NaN/Inf loss - skipping gradient step
  [WARNING] Batch 1382 produced NaN/Inf loss - skipping gradient step
  [WARNING] Batch 1383 produced NaN/Inf loss - skipping gradient step
  [WARNING] Batch 1384 produced NaN/Inf loss - skipping gradient step
  [WARNING] Batch 1385 produced NaN/Inf loss - skipping gradient step
  [WARNING] Batch 1386 produced NaN/Inf loss - skipping gradient step
  [WARNING] Batch 1391 produced NaN/Inf loss - skipping gradient step
  [WARNING] Batch 1392 produced NaN/Inf loss - skipping gradient step
  [WARNING] Batch 1394 produced NaN/Inf loss - skipping gradient step
  [WARNING] Batch 1395 produced NaN/Inf loss - skipping gradient step
  [WARNING] Batch 1396 produced NaN/Inf loss - skipping gradient step
  [WARNING] Batch 1397 produced NaN/Inf loss - skipping gradient step
  [WARNING] Batch 1398 produced NaN/Inf loss - skipping gradient step
  [WARNING] Batch 1399 produced NaN/Inf loss - skipping gradient step
  [WARNING] Batch 1400 produced NaN/Inf loss - skipping gradient step
  [WARNING] Batch 1401 produced NaN/Inf loss - skipping gradient step
  [WARNING] Batch 1402 produced NaN/Inf loss - skipping gradient step
  [WARNING] Batch 1403 produced NaN/Inf loss - skipping gradient step
  [WARNING] Batch 1404 produced NaN/Inf loss - skipping gradient step
  [WARNING] Batch 1407 produced NaN/Inf loss - skipping gradient step
  [WARNING] Batch 1408 produced NaN/Inf loss - skipping gradient step
  [WARNING] Batch 1410 produced NaN/Inf loss - skipping gradient step
  [WARNING] Batch 1412 produced NaN/Inf loss - skipping gradient step
  [WARNING] Batch 1413 produced NaN/Inf loss - skipping gradient step
  [WARNING] Batch 1414 produced NaN/Inf loss - skipping gradient step
  [WARNING] Batch 1416 produced NaN/Inf loss - skipping gradient step
  [WARNING] Batch 1417 produced NaN/Inf loss - skipping gradient step
  [WARNING] Batch 1420 produced NaN/Inf loss - skipping gradient step
  [WARNING] Batch 1422 produced NaN/Inf loss - skipping gradient step
  [WARNING] Batch 1423 produced NaN/Inf loss - skipping gradient step
  [WARNING] Batch 1426 produced NaN/Inf loss - skipping gradient step
  [WARNING] Batch 1429 produced NaN/Inf loss - skipping gradient step
  [WARNING] Batch 1431 produced NaN/Inf loss - skipping gradient step
  [WARNING] Batch 1432 produced NaN/Inf loss - skipping gradient step
  [WARNING] Batch 1433 produced NaN/Inf loss - skipping gradient step
  [WARNING] Batch 1434 produced NaN/Inf loss - skipping gradient step
  [WARNING] Batch 1436 produced NaN/Inf loss - skipping gradient step
  [WARNING] Batch 1437 produced NaN/Inf loss - skipping gradient step
  [WARNING] Batch 1438 produced NaN/Inf loss - skipping gradient step
  [WARNING] Batch 1439 produced NaN/Inf loss - skipping gradient step
  [WARNING] Batch 1440 produced NaN/Inf loss - skipping gradient step
  [WARNING] Batch 1444 produced NaN/Inf loss - skipping gradient step
  [WARNING] Batch 1446 produced NaN/Inf loss - skipping gradient step
  [WARNING] Batch 1447 produced NaN/Inf loss - skipping gradient step
  [WARNING] Batch 1448 produced NaN/Inf loss - skipping gradient step
  [WARNING] Batch 1449 produced NaN/Inf loss - skipping gradient step
  [Epoch 02/12] Batch 1450/1918 | Loss: 0.8560 | VRAM: 0.48 GB | LR: 5.00e-04
  [WARNING] Batch 1457 produced NaN/Inf loss - skipping gradient step
  [WARNING] Batch 1458 produced NaN/Inf loss - skipping gradient step
  [WARNING] Batch 1459 produced NaN/Inf loss - skipping gradient step
  [WARNING] Batch 1461 produced NaN/Inf loss - skipping gradient step
  [WARNING] Batch 1462 produced NaN/Inf loss - skipping gradient step
  [WARNING] Batch 1463 produced NaN/Inf loss - skipping gradient step
  [WARNING] Batch 1464 produced NaN/Inf loss - skipping gradient step
  [WARNING] Batch 1465 produced NaN/Inf loss - skipping gradient step
  [WARNING] Batch 1466 produced NaN/Inf loss - skipping gradient step
  [WARNING] Batch 1468 produced NaN/Inf loss - skipping gradient step
  [WARNING] Batch 1469 produced NaN/Inf loss - skipping gradient step
  [WARNING] Batch 1470 produced NaN/Inf loss - skipping gradient step
  [WARNING] Batch 1471 produced NaN/Inf loss - skipping gradient step
  [WARNING] Batch 1473 produced NaN/Inf loss - skipping gradient step
  [WARNING] Batch 1474 produced NaN/Inf loss - skipping gradient step
  [WARNING] Batch 1475 produced NaN/Inf loss - skipping gradient step
  [WARNING] Batch 1476 produced NaN/Inf loss - skipping gradient step
  [WARNING] Batch 1477 produced NaN/Inf loss - skipping gradient step
  [WARNING] Batch 1478 produced NaN/Inf loss - skipping gradient step
  [WARNING] Batch 1479 produced NaN/Inf loss - skipping gradient step
  [WARNING] Batch 1482 produced NaN/Inf loss - skipping gradient step
  [WARNING] Batch 1483 produced NaN/Inf loss - skipping gradient step
  [WARNING] Batch 1484 produced NaN/Inf loss - skipping gradient step
  [WARNING] Batch 1485 produced NaN/Inf loss - skipping gradient step
  [WARNING] Batch 1486 produced NaN/Inf loss - skipping gradient step
  [WARNING] Batch 1487 produced NaN/Inf loss - skipping gradient step
  [WARNING] Batch 1488 produced NaN/Inf loss - skipping gradient step
  [WARNING] Batch 1489 produced NaN/Inf loss - skipping gradient step
  [WARNING] Batch 1490 produced NaN/Inf loss - skipping gradient step
  [WARNING] Batch 1491 produced NaN/Inf loss - skipping gradient step
  [WARNING] Batch 1492 produced NaN/Inf loss - skipping gradient step
  [WARNING] Batch 1493 produced NaN/Inf loss - skipping gradient step
  [WARNING] Batch 1494 produced NaN/Inf loss - skipping gradient step
  [WARNING] Batch 1495 produced NaN/Inf loss - skipping gradient step
  [WARNING] Batch 1496 produced NaN/Inf loss - skipping gradient step
  [WARNING] Batch 1497 produced NaN/Inf loss - skipping gradient step
  [WARNING] Batch 1498 produced NaN/Inf loss - skipping gradient step
  [WARNING] Batch 1499 produced NaN/Inf loss - skipping gradient step
  [WARNING] Batch 1500 produced NaN/Inf loss - skipping gradient step
  [WARNING] Batch 1501 produced NaN/Inf loss - skipping gradient step
  [WARNING] Batch 1502 produced NaN/Inf loss - skipping gradient step
  [WARNING] Batch 1504 produced NaN/Inf loss - skipping gradient step
  [WARNING] Batch 1507 produced NaN/Inf loss - skipping gradient step
  [WARNING] Batch 1509 produced NaN/Inf loss - skipping gradient step
  [WARNING] Batch 1510 produced NaN/Inf loss - skipping gradient step
  [WARNING] Batch 1512 produced NaN/Inf loss - skipping gradient step
  [WARNING] Batch 1513 produced NaN/Inf loss - skipping gradient step
  [WARNING] Batch 1514 produced NaN/Inf loss - skipping gradient step
  [WARNING] Batch 1515 produced NaN/Inf loss - skipping gradient step
  [WARNING] Batch 1516 produced NaN/Inf loss - skipping gradient step
  [WARNING] Batch 1517 produced NaN/Inf loss - skipping gradient step
  [WARNING] Batch 1520 produced NaN/Inf loss - skipping gradient step
  [WARNING] Batch 1524 produced NaN/Inf loss - skipping gradient step
  [WARNING] Batch 1525 produced NaN/Inf loss - skipping gradient step
  [WARNING] Batch 1526 produced NaN/Inf loss - skipping gradient step
  [WARNING] Batch 1527 produced NaN/Inf loss - skipping gradient step
  [WARNING] Batch 1528 produced NaN/Inf loss - skipping gradient step
  [WARNING] Batch 1529 produced NaN/Inf loss - skipping gradient step
  [WARNING] Batch 1530 produced NaN/Inf loss - skipping gradient step
  [WARNING] Batch 1531 produced NaN/Inf loss - skipping gradient step
  [WARNING] Batch 1532 produced NaN/Inf loss - skipping gradient step
  [WARNING] Batch 1533 produced NaN/Inf loss - skipping gradient step
  [WARNING] Batch 1534 produced NaN/Inf loss - skipping gradient step
  [WARNING] Batch 1535 produced NaN/Inf loss - skipping gradient step
  [WARNING] Batch 1537 produced NaN/Inf loss - skipping gradient step
  [WARNING] Batch 1539 produced NaN/Inf loss - skipping gradient step
  [WARNING] Batch 1540 produced NaN/Inf loss - skipping gradient step
  [WARNING] Batch 1541 produced NaN/Inf loss - skipping gradient step
  [WARNING] Batch 1543 produced NaN/Inf loss - skipping gradient step
  [WARNING] Batch 1545 produced NaN/Inf loss - skipping gradient step
  [WARNING] Batch 1549 produced NaN/Inf loss - skipping gradient step
  [WARNING] Batch 1550 produced NaN/Inf loss - skipping gradient step
  [WARNING] Batch 1552 produced NaN/Inf loss - skipping gradient step
  [WARNING] Batch 1554 produced NaN/Inf loss - skipping gradient step
  [WARNING] Batch 1555 produced NaN/Inf loss - skipping gradient step
  [WARNING] Batch 1557 produced NaN/Inf loss - skipping gradient step
  [WARNING] Batch 1558 produced NaN/Inf loss - skipping gradient step
  [WARNING] Batch 1559 produced NaN/Inf loss - skipping gradient step
  [WARNING] Batch 1560 produced NaN/Inf loss - skipping gradient step
  [WARNING] Batch 1561 produced NaN/Inf loss - skipping gradient step
  [WARNING] Batch 1562 produced NaN/Inf loss - skipping gradient step
  [WARNING] Batch 1563 produced NaN/Inf loss - skipping gradient step
  [WARNING] Batch 1564 produced NaN/Inf loss - skipping gradient step
  [WARNING] Batch 1565 produced NaN/Inf loss - skipping gradient step
  [WARNING] Batch 1566 produced NaN/Inf loss - skipping gradient step
  [WARNING] Batch 1567 produced NaN/Inf loss - skipping gradient step
  [WARNING] Batch 1568 produced NaN/Inf loss - skipping gradient step
  [WARNING] Batch 1570 produced NaN/Inf loss - skipping gradient step
  [WARNING] Batch 1571 produced NaN/Inf loss - skipping gradient step
  [WARNING] Batch 1572 produced NaN/Inf loss - skipping gradient step
  [WARNING] Batch 1573 produced NaN/Inf loss - skipping gradient step
  [WARNING] Batch 1575 produced NaN/Inf loss - skipping gradient step
  [WARNING] Batch 1576 produced NaN/Inf loss - skipping gradient step
  [WARNING] Batch 1577 produced NaN/Inf loss - skipping gradient step
  [WARNING] Batch 1579 produced NaN/Inf loss - skipping gradient step
  [WARNING] Batch 1580 produced NaN/Inf loss - skipping gradient step
  [WARNING] Batch 1581 produced NaN/Inf loss - skipping gradient step
  [WARNING] Batch 1583 produced NaN/Inf loss - skipping gradient step
  [WARNING] Batch 1584 produced NaN/Inf loss - skipping gradient step
  [WARNING] Batch 1585 produced NaN/Inf loss - skipping gradient step
  [WARNING] Batch 1587 produced NaN/Inf loss - skipping gradient step
  [WARNING] Batch 1588 produced NaN/Inf loss - skipping gradient step
  [WARNING] Batch 1589 produced NaN/Inf loss - skipping gradient step
  [WARNING] Batch 1591 produced NaN/Inf loss - skipping gradient step
  [WARNING] Batch 1592 produced NaN/Inf loss - skipping gradient step
  [WARNING] Batch 1593 produced NaN/Inf loss - skipping gradient step
  [WARNING] Batch 1594 produced NaN/Inf loss - skipping gradient step
  [WARNING] Batch 1595 produced NaN/Inf loss - skipping gradient step
  [WARNING] Batch 1596 produced NaN/Inf loss - skipping gradient step
  [WARNING] Batch 1598 produced NaN/Inf loss - skipping gradient step
  [WARNING] Batch 1599 produced NaN/Inf loss - skipping gradient step
  [WARNING] Batch 1600 produced NaN/Inf loss - skipping gradient step
  [WARNING] Batch 1601 produced NaN/Inf loss - skipping gradient step
  [WARNING] Batch 1602 produced NaN/Inf loss - skipping gradient step
  [WARNING] Batch 1603 produced NaN/Inf loss - skipping gradient step
  [WARNING] Batch 1604 produced NaN/Inf loss - skipping gradient step
  [WARNING] Batch 1606 produced NaN/Inf loss - skipping gradient step
  [WARNING] Batch 1607 produced NaN/Inf loss - skipping gradient step
  [WARNING] Batch 1609 produced NaN/Inf loss - skipping gradient step
  [WARNING] Batch 1610 produced NaN/Inf loss - skipping gradient step
  [WARNING] Batch 1611 produced NaN/Inf loss - skipping gradient step
  [WARNING] Batch 1612 produced NaN/Inf loss - skipping gradient step
  [WARNING] Batch 1613 produced NaN/Inf loss - skipping gradient step
  [WARNING] Batch 1614 produced NaN/Inf loss - skipping gradient step
  [WARNING] Batch 1615 produced NaN/Inf loss - skipping gradient step
  [WARNING] Batch 1616 produced NaN/Inf loss - skipping gradient step
  [WARNING] Batch 1617 produced NaN/Inf loss - skipping gradient step
  [WARNING] Batch 1618 produced NaN/Inf loss - skipping gradient step
  [WARNING] Batch 1620 produced NaN/Inf loss - skipping gradient step
  [WARNING] Batch 1621 produced NaN/Inf loss - skipping gradient step
  [WARNING] Batch 1622 produced NaN/Inf loss - skipping gradient step
  [WARNING] Batch 1623 produced NaN/Inf loss - skipping gradient step
  [WARNING] Batch 1624 produced NaN/Inf loss - skipping gradient step
  [WARNING] Batch 1625 produced NaN/Inf loss - skipping gradient step
  [WARNING] Batch 1628 produced NaN/Inf loss - skipping gradient step
  [WARNING] Batch 1630 produced NaN/Inf loss - skipping gradient step
  [WARNING] Batch 1631 produced NaN/Inf loss - skipping gradient step
  [WARNING] Batch 1633 produced NaN/Inf loss - skipping gradient step
  [WARNING] Batch 1634 produced NaN/Inf loss - skipping gradient step
  [WARNING] Batch 1635 produced NaN/Inf loss - skipping gradient step
  [WARNING] Batch 1636 produced NaN/Inf loss - skipping gradient step
  [WARNING] Batch 1637 produced NaN/Inf loss - skipping gradient step
  [WARNING] Batch 1638 produced NaN/Inf loss - skipping gradient step
  [WARNING] Batch 1639 produced NaN/Inf loss - skipping gradient step
  [WARNING] Batch 1640 produced NaN/Inf loss - skipping gradient step
  [WARNING] Batch 1641 produced NaN/Inf loss - skipping gradient step
  [WARNING] Batch 1642 produced NaN/Inf loss - skipping gradient step
  [WARNING] Batch 1644 produced NaN/Inf loss - skipping gradient step
  [WARNING] Batch 1648 produced NaN/Inf loss - skipping gradient step
  [WARNING] Batch 1649 produced NaN/Inf loss - skipping gradient step
  [WARNING] Batch 1650 produced NaN/Inf loss - skipping gradient step
  [WARNING] Batch 1652 produced NaN/Inf loss - skipping gradient step
  [WARNING] Batch 1653 produced NaN/Inf loss - skipping gradient step
  [WARNING] Batch 1654 produced NaN/Inf loss - skipping gradient step
  [WARNING] Batch 1656 produced NaN/Inf loss - skipping gradient step
  [WARNING] Batch 1658 produced NaN/Inf loss - skipping gradient step
  [WARNING] Batch 1659 produced NaN/Inf loss - skipping gradient step
  [WARNING] Batch 1660 produced NaN/Inf loss - skipping gradient step
  [WARNING] Batch 1662 produced NaN/Inf loss - skipping gradient step
  [WARNING] Batch 1663 produced NaN/Inf loss - skipping gradient step
  [WARNING] Batch 1664 produced NaN/Inf loss - skipping gradient step
  [WARNING] Batch 1665 produced NaN/Inf loss - skipping gradient step
  [WARNING] Batch 1666 produced NaN/Inf loss - skipping gradient step
  [WARNING] Batch 1667 produced NaN/Inf loss - skipping gradient step
  [WARNING] Batch 1668 produced NaN/Inf loss - skipping gradient step
  [WARNING] Batch 1671 produced NaN/Inf loss - skipping gradient step
  [WARNING] Batch 1672 produced NaN/Inf loss - skipping gradient step
  [WARNING] Batch 1677 produced NaN/Inf loss - skipping gradient step
  [WARNING] Batch 1678 produced NaN/Inf loss - skipping gradient step
  [WARNING] Batch 1679 produced NaN/Inf loss - skipping gradient step
  [WARNING] Batch 1680 produced NaN/Inf loss - skipping gradient step
  [WARNING] Batch 1683 produced NaN/Inf loss - skipping gradient step
  [WARNING] Batch 1685 produced NaN/Inf loss - skipping gradient step
  [WARNING] Batch 1688 produced NaN/Inf loss - skipping gradient step
  [WARNING] Batch 1690 produced NaN/Inf loss - skipping gradient step
  [WARNING] Batch 1691 produced NaN/Inf loss - skipping gradient step
  [WARNING] Batch 1692 produced NaN/Inf loss - skipping gradient step
  [WARNING] Batch 1693 produced NaN/Inf loss - skipping gradient step
  [WARNING] Batch 1694 produced NaN/Inf loss - skipping gradient step
  [WARNING] Batch 1695 produced NaN/Inf loss - skipping gradient step
  [WARNING] Batch 1696 produced NaN/Inf loss - skipping gradient step
  [WARNING] Batch 1699 produced NaN/Inf loss - skipping gradient step
  [WARNING] Batch 1700 produced NaN/Inf loss - skipping gradient step
  [WARNING] Batch 1701 produced NaN/Inf loss - skipping gradient step
  [WARNING] Batch 1702 produced NaN/Inf loss - skipping gradient step
  [WARNING] Batch 1704 produced NaN/Inf loss - skipping gradient step
  [WARNING] Batch 1705 produced NaN/Inf loss - skipping gradient step
  [WARNING] Batch 1706 produced NaN/Inf loss - skipping gradient step
  [WARNING] Batch 1707 produced NaN/Inf loss - skipping gradient step
  [WARNING] Batch 1709 produced NaN/Inf loss - skipping gradient step
  [WARNING] Batch 1710 produced NaN/Inf loss - skipping gradient step
  [WARNING] Batch 1711 produced NaN/Inf loss - skipping gradient step
  [WARNING] Batch 1712 produced NaN/Inf loss - skipping gradient step
  [WARNING] Batch 1713 produced NaN/Inf loss - skipping gradient step
  [WARNING] Batch 1714 produced NaN/Inf loss - skipping gradient step
  [WARNING] Batch 1715 produced NaN/Inf loss - skipping gradient step
  [WARNING] Batch 1718 produced NaN/Inf loss - skipping gradient step
  [WARNING] Batch 1720 produced NaN/Inf loss - skipping gradient step
  [WARNING] Batch 1723 produced NaN/Inf loss - skipping gradient step
  [WARNING] Batch 1724 produced NaN/Inf loss - skipping gradient step
  [WARNING] Batch 1725 produced NaN/Inf loss - skipping gradient step
  [WARNING] Batch 1726 produced NaN/Inf loss - skipping gradient step
  [WARNING] Batch 1727 produced NaN/Inf loss - skipping gradient step
  [WARNING] Batch 1728 produced NaN/Inf loss - skipping gradient step
  [WARNING] Batch 1729 produced NaN/Inf loss - skipping gradient step
  [WARNING] Batch 1731 produced NaN/Inf loss - skipping gradient step
  [WARNING] Batch 1732 produced NaN/Inf loss - skipping gradient step
  [WARNING] Batch 1733 produced NaN/Inf loss - skipping gradient step
  [WARNING] Batch 1734 produced NaN/Inf loss - skipping gradient step
  [WARNING] Batch 1735 produced NaN/Inf loss - skipping gradient step
  [WARNING] Batch 1736 produced NaN/Inf loss - skipping gradient step
  [WARNING] Batch 1737 produced NaN/Inf loss - skipping gradient step
  [WARNING] Batch 1738 produced NaN/Inf loss - skipping gradient step
  [WARNING] Batch 1739 produced NaN/Inf loss - skipping gradient step
  [WARNING] Batch 1740 produced NaN/Inf loss - skipping gradient step
  [WARNING] Batch 1742 produced NaN/Inf loss - skipping gradient step
  [WARNING] Batch 1743 produced NaN/Inf loss - skipping gradient step
  [WARNING] Batch 1744 produced NaN/Inf loss - skipping gradient step
  [WARNING] Batch 1746 produced NaN/Inf loss - skipping gradient step
  [WARNING] Batch 1748 produced NaN/Inf loss - skipping gradient step
  [Epoch 02/12] Batch 1750/1918 | Loss: 0.8109 | VRAM: 0.48 GB | LR: 5.00e-04
  [WARNING] Batch 1752 produced NaN/Inf loss - skipping gradient step
  [WARNING] Batch 1753 produced NaN/Inf loss - skipping gradient step
  [WARNING] Batch 1754 produced NaN/Inf loss - skipping gradient step
  [WARNING] Batch 1756 produced NaN/Inf loss - skipping gradient step
  [WARNING] Batch 1761 produced NaN/Inf loss - skipping gradient step
  [WARNING] Batch 1762 produced NaN/Inf loss - skipping gradient step
  [WARNING] Batch 1763 produced NaN/Inf loss - skipping gradient step
  [WARNING] Batch 1764 produced NaN/Inf loss - skipping gradient step
  [WARNING] Batch 1765 produced NaN/Inf loss - skipping gradient step
  [WARNING] Batch 1767 produced NaN/Inf loss - skipping gradient step
  [WARNING] Batch 1768 produced NaN/Inf loss - skipping gradient step
  [WARNING] Batch 1769 produced NaN/Inf loss - skipping gradient step
  [WARNING] Batch 1770 produced NaN/Inf loss - skipping gradient step
  [WARNING] Batch 1772 produced NaN/Inf loss - skipping gradient step
  [WARNING] Batch 1773 produced NaN/Inf loss - skipping gradient step
  [WARNING] Batch 1775 produced NaN/Inf loss - skipping gradient step
  [WARNING] Batch 1776 produced NaN/Inf loss - skipping gradient step
  [WARNING] Batch 1778 produced NaN/Inf loss - skipping gradient step
  [WARNING] Batch 1779 produced NaN/Inf loss - skipping gradient step
  [WARNING] Batch 1780 produced NaN/Inf loss - skipping gradient step
  [WARNING] Batch 1781 produced NaN/Inf loss - skipping gradient step
  [WARNING] Batch 1782 produced NaN/Inf loss - skipping gradient step
  [WARNING] Batch 1785 produced NaN/Inf loss - skipping gradient step
  [WARNING] Batch 1786 produced NaN/Inf loss - skipping gradient step
  [WARNING] Batch 1787 produced NaN/Inf loss - skipping gradient step
  [WARNING] Batch 1788 produced NaN/Inf loss - skipping gradient step
  [WARNING] Batch 1789 produced NaN/Inf loss - skipping gradient step
  [WARNING] Batch 1790 produced NaN/Inf loss - skipping gradient step
  [WARNING] Batch 1791 produced NaN/Inf loss - skipping gradient step
  [WARNING] Batch 1792 produced NaN/Inf loss - skipping gradient step
  [WARNING] Batch 1793 produced NaN/Inf loss - skipping gradient step
  [WARNING] Batch 1794 produced NaN/Inf loss - skipping gradient step
  [WARNING] Batch 1795 produced NaN/Inf loss - skipping gradient step
  [WARNING] Batch 1796 produced NaN/Inf loss - skipping gradient step
  [WARNING] Batch 1798 produced NaN/Inf loss - skipping gradient step
  [WARNING] Batch 1799 produced NaN/Inf loss - skipping gradient step
  [WARNING] Batch 1800 produced NaN/Inf loss - skipping gradient step
  [WARNING] Batch 1802 produced NaN/Inf loss - skipping gradient step
  [WARNING] Batch 1804 produced NaN/Inf loss - skipping gradient step
  [WARNING] Batch 1805 produced NaN/Inf loss - skipping gradient step
  [WARNING] Batch 1807 produced NaN/Inf loss - skipping gradient step
  [WARNING] Batch 1808 produced NaN/Inf loss - skipping gradient step
  [WARNING] Batch 1809 produced NaN/Inf loss - skipping gradient step
  [WARNING] Batch 1810 produced NaN/Inf loss - skipping gradient step
  [WARNING] Batch 1811 produced NaN/Inf loss - skipping gradient step
  [WARNING] Batch 1812 produced NaN/Inf loss - skipping gradient step
  [WARNING] Batch 1813 produced NaN/Inf loss - skipping gradient step
  [WARNING] Batch 1818 produced NaN/Inf loss - skipping gradient step
  [WARNING] Batch 1820 produced NaN/Inf loss - skipping gradient step
  [WARNING] Batch 1821 produced NaN/Inf loss - skipping gradient step
  [WARNING] Batch 1823 produced NaN/Inf loss - skipping gradient step
  [WARNING] Batch 1824 produced NaN/Inf loss - skipping gradient step
  [WARNING] Batch 1826 produced NaN/Inf loss - skipping gradient step
  [WARNING] Batch 1827 produced NaN/Inf loss - skipping gradient step
  [WARNING] Batch 1828 produced NaN/Inf loss - skipping gradient step
  [WARNING] Batch 1829 produced NaN/Inf loss - skipping gradient step
  [WARNING] Batch 1831 produced NaN/Inf loss - skipping gradient step
  [WARNING] Batch 1833 produced NaN/Inf loss - skipping gradient step
  [WARNING] Batch 1834 produced NaN/Inf loss - skipping gradient step
  [WARNING] Batch 1835 produced NaN/Inf loss - skipping gradient step
  [WARNING] Batch 1836 produced NaN/Inf loss - skipping gradient step
  [WARNING] Batch 1838 produced NaN/Inf loss - skipping gradient step
  [WARNING] Batch 1839 produced NaN/Inf loss - skipping gradient step
  [WARNING] Batch 1840 produced NaN/Inf loss - skipping gradient step
  [WARNING] Batch 1841 produced NaN/Inf loss - skipping gradient step
  [WARNING] Batch 1842 produced NaN/Inf loss - skipping gradient step
  [WARNING] Batch 1845 produced NaN/Inf loss - skipping gradient step
  [WARNING] Batch 1846 produced NaN/Inf loss - skipping gradient step
  [WARNING] Batch 1847 produced NaN/Inf loss - skipping gradient step
  [WARNING] Batch 1848 produced NaN/Inf loss - skipping gradient step
  [WARNING] Batch 1849 produced NaN/Inf loss - skipping gradient step
  [WARNING] Batch 1850 produced NaN/Inf loss - skipping gradient step
  [WARNING] Batch 1851 produced NaN/Inf loss - skipping gradient step
  [WARNING] Batch 1852 produced NaN/Inf loss - skipping gradient step
  [WARNING] Batch 1853 produced NaN/Inf loss - skipping gradient step
  [WARNING] Batch 1854 produced NaN/Inf loss - skipping gradient step
  [WARNING] Batch 1855 produced NaN/Inf loss - skipping gradient step
  [WARNING] Batch 1857 produced NaN/Inf loss - skipping gradient step
  [WARNING] Batch 1858 produced NaN/Inf loss - skipping gradient step
  [WARNING] Batch 1859 produced NaN/Inf loss - skipping gradient step
  [WARNING] Batch 1860 produced NaN/Inf loss - skipping gradient step
  [WARNING] Batch 1861 produced NaN/Inf loss - skipping gradient step
  [WARNING] Batch 1863 produced NaN/Inf loss - skipping gradient step
  [WARNING] Batch 1864 produced NaN/Inf loss - skipping gradient step
  [WARNING] Batch 1865 produced NaN/Inf loss - skipping gradient step
  [WARNING] Batch 1868 produced NaN/Inf loss - skipping gradient step
  [WARNING] Batch 1869 produced NaN/Inf loss - skipping gradient step
  [WARNING] Batch 1870 produced NaN/Inf loss - skipping gradient step
  [WARNING] Batch 1871 produced NaN/Inf loss - skipping gradient step
  [WARNING] Batch 1874 produced NaN/Inf loss - skipping gradient step
  [WARNING] Batch 1875 produced NaN/Inf loss - skipping gradient step
  [WARNING] Batch 1876 produced NaN/Inf loss - skipping gradient step
  [WARNING] Batch 1877 produced NaN/Inf loss - skipping gradient step
  [WARNING] Batch 1879 produced NaN/Inf loss - skipping gradient step
  [WARNING] Batch 1880 produced NaN/Inf loss - skipping gradient step
  [WARNING] Batch 1881 produced NaN/Inf loss - skipping gradient step
  [WARNING] Batch 1882 produced NaN/Inf loss - skipping gradient step
  [WARNING] Batch 1884 produced NaN/Inf loss - skipping gradient step
  [WARNING] Batch 1885 produced NaN/Inf loss - skipping gradient step
  [WARNING] Batch 1886 produced NaN/Inf loss - skipping gradient step
  [WARNING] Batch 1887 produced NaN/Inf loss - skipping gradient step
  [WARNING] Batch 1888 produced NaN/Inf loss - skipping gradient step
  [WARNING] Batch 1889 produced NaN/Inf loss - skipping gradient step
  [WARNING] Batch 1890 produced NaN/Inf loss - skipping gradient step
  [WARNING] Batch 1892 produced NaN/Inf loss - skipping gradient step
  [WARNING] Batch 1893 produced NaN/Inf loss - skipping gradient step
  [WARNING] Batch 1895 produced NaN/Inf loss - skipping gradient step
  [WARNING] Batch 1900 produced NaN/Inf loss - skipping gradient step
  [WARNING] Batch 1902 produced NaN/Inf loss - skipping gradient step
  [WARNING] Batch 1905 produced NaN/Inf loss - skipping gradient step
  [WARNING] Batch 1910 produced NaN/Inf loss - skipping gradient step
  [WARNING] Batch 1911 produced NaN/Inf loss - skipping gradient step
  [WARNING] Batch 1913 produced NaN/Inf loss - skipping gradient step
  [WARNING] Batch 1915 produced NaN/Inf loss - skipping gradient step
  [WARNING] Batch 1917 produced NaN/Inf loss - skipping gradient step
  [WARNING] Batch 1918 produced NaN/Inf loss - skipping gradient step

>>> [EPOCH 02/12] COMPLETE | Avg Loss: 0.8044 | Time: 22.2 min | LR: 5.00e-04
  ==> [CHECKPOINT] Best model saved to best_model.pth (Loss: 0.8044)

  [WARNING] Batch 1 produced NaN/Inf loss - skipping gradient step
  [WARNING] Batch 2 produced NaN/Inf loss - skipping gradient step
  [WARNING] Batch 3 produced NaN/Inf loss - skipping gradient step
  [WARNING] Batch 4 produced NaN/Inf loss - skipping gradient step
  [WARNING] Batch 9 produced NaN/Inf loss - skipping gradient step
  [WARNING] Batch 10 produced NaN/Inf loss - skipping gradient step
  [WARNING] Batch 11 produced NaN/Inf loss - skipping gradient step
  [WARNING] Batch 12 produced NaN/Inf loss - skipping gradient step
  [WARNING] Batch 13 produced NaN/Inf loss - skipping gradient step
  [WARNING] Batch 14 produced NaN/Inf loss - skipping gradient step
  [WARNING] Batch 15 produced NaN/Inf loss - skipping gradient step
  [WARNING] Batch 17 produced NaN/Inf loss - skipping gradient step
  [WARNING] Batch 18 produced NaN/Inf loss - skipping gradient step
  [WARNING] Batch 19 produced NaN/Inf loss - skipping gradient step
  [WARNING] Batch 21 produced NaN/Inf loss - skipping gradient step
  [WARNING] Batch 23 produced NaN/Inf loss - skipping gradient step
  [WARNING] Batch 24 produced NaN/Inf loss - skipping gradient step
  [WARNING] Batch 25 produced NaN/Inf loss - skipping gradient step
  [WARNING] Batch 29 produced NaN/Inf loss - skipping gradient step
  [WARNING] Batch 30 produced NaN/Inf loss - skipping gradient step
  [WARNING] Batch 31 produced NaN/Inf loss - skipping gradient step
  [WARNING] Batch 32 produced NaN/Inf loss - skipping gradient step
  [WARNING] Batch 33 produced NaN/Inf loss - skipping gradient step
  [WARNING] Batch 34 produced NaN/Inf loss - skipping gradient step
  [WARNING] Batch 36 produced NaN/Inf loss - skipping gradient step
  [WARNING] Batch 37 produced NaN/Inf loss - skipping gradient step
  [WARNING] Batch 39 produced NaN/Inf loss - skipping gradient step
  [WARNING] Batch 40 produced NaN/Inf loss - skipping gradient step
  [WARNING] Batch 42 produced NaN/Inf loss - skipping gradient step
  [WARNING] Batch 45 produced NaN/Inf loss - skipping gradient step
  [WARNING] Batch 46 produced NaN/Inf loss - skipping gradient step
  [WARNING] Batch 47 produced NaN/Inf loss - skipping gradient step
  [WARNING] Batch 48 produced NaN/Inf loss - skipping gradient step
  [WARNING] Batch 49 produced NaN/Inf loss - skipping gradient step
  [WARNING] Batch 50 produced NaN/Inf loss - skipping gradient step
  [WARNING] Batch 53 produced NaN/Inf loss - skipping gradient step
  [WARNING] Batch 54 produced NaN/Inf loss - skipping gradient step
  [WARNING] Batch 55 produced NaN/Inf loss - skipping gradient step
  [WARNING] Batch 56 produced NaN/Inf loss - skipping gradient step
  [WARNING] Batch 60 produced NaN/Inf loss - skipping gradient step
  [WARNING] Batch 61 produced NaN/Inf loss - skipping gradient step
  [WARNING] Batch 62 produced NaN/Inf loss - skipping gradient step
  [WARNING] Batch 63 produced NaN/Inf loss - skipping gradient step
  [WARNING] Batch 64 produced NaN/Inf loss - skipping gradient step
  [WARNING] Batch 65 produced NaN/Inf loss - skipping gradient step
  [WARNING] Batch 68 produced NaN/Inf loss - skipping gradient step
  [WARNING] Batch 69 produced NaN/Inf loss - skipping gradient step
  [WARNING] Batch 74 produced NaN/Inf loss - skipping gradient step
  [WARNING] Batch 78 produced NaN/Inf loss - skipping gradient step
  [WARNING] Batch 79 produced NaN/Inf loss - skipping gradient step
  [WARNING] Batch 80 produced NaN/Inf loss - skipping gradient step
  [WARNING] Batch 81 produced NaN/Inf loss - skipping gradient step
  [WARNING] Batch 83 produced NaN/Inf loss - skipping gradient step
  [WARNING] Batch 84 produced NaN/Inf loss - skipping gradient step
  [WARNING] Batch 85 produced NaN/Inf loss - skipping gradient step
  [WARNING] Batch 87 produced NaN/Inf loss - skipping gradient step
  [WARNING] Batch 88 produced NaN/Inf loss - skipping gradient step
  [WARNING] Batch 89 produced NaN/Inf loss - skipping gradient step
  [WARNING] Batch 90 produced NaN/Inf loss - skipping gradient step
  [WARNING] Batch 91 produced NaN/Inf loss - skipping gradient step
  [WARNING] Batch 92 produced NaN/Inf loss - skipping gradient step
  [WARNING] Batch 93 produced NaN/Inf loss - skipping gradient step
  [WARNING] Batch 95 produced NaN/Inf loss - skipping gradient step
  [WARNING] Batch 96 produced NaN/Inf loss - skipping gradient step
  [WARNING] Batch 98 produced NaN/Inf loss - skipping gradient step
  [WARNING] Batch 99 produced NaN/Inf loss - skipping gradient step
  [WARNING] Batch 100 produced NaN/Inf loss - skipping gradient step
  [WARNING] Batch 101 produced NaN/Inf loss - skipping gradient step
  [WARNING] Batch 102 produced NaN/Inf loss - skipping gradient step
  [WARNING] Batch 103 produced NaN/Inf loss - skipping gradient step
  [WARNING] Batch 105 produced NaN/Inf loss - skipping gradient step
  [WARNING] Batch 106 produced NaN/Inf loss - skipping gradient step
  [WARNING] Batch 108 produced NaN/Inf loss - skipping gradient step
  [WARNING] Batch 110 produced NaN/Inf loss - skipping gradient step
  [WARNING] Batch 111 produced NaN/Inf loss - skipping gradient step
  [WARNING] Batch 112 produced NaN/Inf loss - skipping gradient step
  [WARNING] Batch 114 produced NaN/Inf loss - skipping gradient step
  [WARNING] Batch 115 produced NaN/Inf loss - skipping gradient step
  [WARNING] Batch 116 produced NaN/Inf loss - skipping gradient step
  [WARNING] Batch 117 produced NaN/Inf loss - skipping gradient step
  [WARNING] Batch 119 produced NaN/Inf loss - skipping gradient step
  [WARNING] Batch 120 produced NaN/Inf loss - skipping gradient step
  [WARNING] Batch 121 produced NaN/Inf loss - skipping gradient step
  [WARNING] Batch 122 produced NaN/Inf loss - skipping gradient step
  [WARNING] Batch 123 produced NaN/Inf loss - skipping gradient step
  [WARNING] Batch 124 produced NaN/Inf loss - skipping gradient step
  [WARNING] Batch 125 produced NaN/Inf loss - skipping gradient step
  [WARNING] Batch 126 produced NaN/Inf loss - skipping gradient step
  [WARNING] Batch 127 produced NaN/Inf loss - skipping gradient step
  [WARNING] Batch 128 produced NaN/Inf loss - skipping gradient step
  [WARNING] Batch 129 produced NaN/Inf loss - skipping gradient step
  [WARNING] Batch 131 produced NaN/Inf loss - skipping gradient step
  [WARNING] Batch 132 produced NaN/Inf loss - skipping gradient step
  [WARNING] Batch 134 produced NaN/Inf loss - skipping gradient step
  [WARNING] Batch 135 produced NaN/Inf loss - skipping gradient step
  [WARNING] Batch 136 produced NaN/Inf loss - skipping gradient step
  [WARNING] Batch 137 produced NaN/Inf loss - skipping gradient step
  [WARNING] Batch 138 produced NaN/Inf loss - skipping gradient step
  [WARNING] Batch 139 produced NaN/Inf loss - skipping gradient step
  [WARNING] Batch 142 produced NaN/Inf loss - skipping gradient step
  [WARNING] Batch 143 produced NaN/Inf loss - skipping gradient step
  [WARNING] Batch 144 produced NaN/Inf loss - skipping gradient step
  [WARNING] Batch 145 produced NaN/Inf loss - skipping gradient step
  [WARNING] Batch 147 produced NaN/Inf loss - skipping gradient step
  [WARNING] Batch 149 produced NaN/Inf loss - skipping gradient step
  [WARNING] Batch 150 produced NaN/Inf loss - skipping gradient step
  [WARNING] Batch 151 produced NaN/Inf loss - skipping gradient step
  [WARNING] Batch 154 produced NaN/Inf loss - skipping gradient step
  [WARNING] Batch 155 produced NaN/Inf loss - skipping gradient step
  [WARNING] Batch 156 produced NaN/Inf loss - skipping gradient step
  [WARNING] Batch 157 produced NaN/Inf loss - skipping gradient step
  [WARNING] Batch 158 produced NaN/Inf loss - skipping gradient step
  [WARNING] Batch 160 produced NaN/Inf loss - skipping gradient step
  [WARNING] Batch 162 produced NaN/Inf loss - skipping gradient step
  [WARNING] Batch 163 produced NaN/Inf loss - skipping gradient step
  [WARNING] Batch 166 produced NaN/Inf loss - skipping gradient step
  [WARNING] Batch 168 produced NaN/Inf loss - skipping gradient step
  [WARNING] Batch 169 produced NaN/Inf loss - skipping gradient step
  [WARNING] Batch 170 produced NaN/Inf loss - skipping gradient step
  [WARNING] Batch 171 produced NaN/Inf loss - skipping gradient step
  [WARNING] Batch 173 produced NaN/Inf loss - skipping gradient step
  [WARNING] Batch 174 produced NaN/Inf loss - skipping gradient step
  [WARNING] Batch 175 produced NaN/Inf loss - skipping gradient step
  [WARNING] Batch 176 produced NaN/Inf loss - skipping gradient step
  [WARNING] Batch 177 produced NaN/Inf loss - skipping gradient step
  [WARNING] Batch 179 produced NaN/Inf loss - skipping gradient step
  [WARNING] Batch 180 produced NaN/Inf loss - skipping gradient step
  [WARNING] Batch 181 produced NaN/Inf loss - skipping gradient step
  [WARNING] Batch 182 produced NaN/Inf loss - skipping gradient step
  [WARNING] Batch 183 produced NaN/Inf loss - skipping gradient step
  [WARNING] Batch 185 produced NaN/Inf loss - skipping gradient step
  [WARNING] Batch 187 produced NaN/Inf loss - skipping gradient step
  [WARNING] Batch 188 produced NaN/Inf loss - skipping gradient step
  [WARNING] Batch 190 produced NaN/Inf loss - skipping gradient step
  [WARNING] Batch 191 produced NaN/Inf loss - skipping gradient step
  [WARNING] Batch 192 produced NaN/Inf loss - skipping gradient step
  [WARNING] Batch 193 produced NaN/Inf loss - skipping gradient step
  [WARNING] Batch 194 produced NaN/Inf loss - skipping gradient step
  [WARNING] Batch 195 produced NaN/Inf loss - skipping gradient step
  [WARNING] Batch 196 produced NaN/Inf loss - skipping gradient step
  [WARNING] Batch 197 produced NaN/Inf loss - skipping gradient step
  [WARNING] Batch 198 produced NaN/Inf loss - skipping gradient step
  [WARNING] Batch 200 produced NaN/Inf loss - skipping gradient step
  [WARNING] Batch 201 produced NaN/Inf loss - skipping gradient step
  [WARNING] Batch 204 produced NaN/Inf loss - skipping gradient step
  [WARNING] Batch 205 produced NaN/Inf loss - skipping gradient step
  [WARNING] Batch 206 produced NaN/Inf loss - skipping gradient step
  [WARNING] Batch 207 produced NaN/Inf loss - skipping gradient step
  [WARNING] Batch 208 produced NaN/Inf loss - skipping gradient step
  [WARNING] Batch 211 produced NaN/Inf loss - skipping gradient step
  [WARNING] Batch 212 produced NaN/Inf loss - skipping gradient step
  [WARNING] Batch 214 produced NaN/Inf loss - skipping gradient step
  [WARNING] Batch 215 produced NaN/Inf loss - skipping gradient step
  [WARNING] Batch 216 produced NaN/Inf loss - skipping gradient step
  [WARNING] Batch 217 produced NaN/Inf loss - skipping gradient step
  [WARNING] Batch 218 produced NaN/Inf loss - skipping gradient step
  [WARNING] Batch 222 produced NaN/Inf loss - skipping gradient step
  [WARNING] Batch 223 produced NaN/Inf loss - skipping gradient step
  [WARNING] Batch 224 produced NaN/Inf loss - skipping gradient step
  [WARNING] Batch 225 produced NaN/Inf loss - skipping gradient step
  [WARNING] Batch 226 produced NaN/Inf loss - skipping gradient step
  [WARNING] Batch 227 produced NaN/Inf loss - skipping gradient step
  [WARNING] Batch 228 produced NaN/Inf loss - skipping gradient step
  [WARNING] Batch 229 produced NaN/Inf loss - skipping gradient step
  [WARNING] Batch 230 produced NaN/Inf loss - skipping gradient step
  [WARNING] Batch 231 produced NaN/Inf loss - skipping gradient step
  [WARNING] Batch 232 produced NaN/Inf loss - skipping gradient step
  [WARNING] Batch 233 produced NaN/Inf loss - skipping gradient step
  [WARNING] Batch 235 produced NaN/Inf loss - skipping gradient step
  [WARNING] Batch 236 produced NaN/Inf loss - skipping gradient step
  [WARNING] Batch 237 produced NaN/Inf loss - skipping gradient step
  [WARNING] Batch 238 produced NaN/Inf loss - skipping gradient step
  [WARNING] Batch 239 produced NaN/Inf loss - skipping gradient step
  [WARNING] Batch 240 produced NaN/Inf loss - skipping gradient step
  [WARNING] Batch 241 produced NaN/Inf loss - skipping gradient step
  [WARNING] Batch 243 produced NaN/Inf loss - skipping gradient step
  [WARNING] Batch 244 produced NaN/Inf loss - skipping gradient step
  [WARNING] Batch 245 produced NaN/Inf loss - skipping gradient step
  [WARNING] Batch 246 produced NaN/Inf loss - skipping gradient step
  [WARNING] Batch 247 produced NaN/Inf loss - skipping gradient step
  [WARNING] Batch 248 produced NaN/Inf loss - skipping gradient step
  [WARNING] Batch 249 produced NaN/Inf loss - skipping gradient step
  [WARNING] Batch 250 produced NaN/Inf loss - skipping gradient step
  [WARNING] Batch 252 produced NaN/Inf loss - skipping gradient step
  [WARNING] Batch 253 produced NaN/Inf loss - skipping gradient step
  [WARNING] Batch 254 produced NaN/Inf loss - skipping gradient step
  [WARNING] Batch 255 produced NaN/Inf loss - skipping gradient step
  [WARNING] Batch 257 produced NaN/Inf loss - skipping gradient step
  [WARNING] Batch 260 produced NaN/Inf loss - skipping gradient step
  [WARNING] Batch 262 produced NaN/Inf loss - skipping gradient step
  [WARNING] Batch 263 produced NaN/Inf loss - skipping gradient step
  [WARNING] Batch 264 produced NaN/Inf loss - skipping gradient step
  [WARNING] Batch 265 produced NaN/Inf loss - skipping gradient step
  [WARNING] Batch 267 produced NaN/Inf loss - skipping gradient step
  [WARNING] Batch 269 produced NaN/Inf loss - skipping gradient step
  [WARNING] Batch 270 produced NaN/Inf loss - skipping gradient step
  [WARNING] Batch 271 produced NaN/Inf loss - skipping gradient step
  [WARNING] Batch 273 produced NaN/Inf loss - skipping gradient step
  [WARNING] Batch 274 produced NaN/Inf loss - skipping gradient step
  [WARNING] Batch 275 produced NaN/Inf loss - skipping gradient step
  [WARNING] Batch 276 produced NaN/Inf loss - skipping gradient step
  [WARNING] Batch 277 produced NaN/Inf loss - skipping gradient step
  [WARNING] Batch 279 produced NaN/Inf loss - skipping gradient step
  [WARNING] Batch 282 produced NaN/Inf loss - skipping gradient step
  [WARNING] Batch 284 produced NaN/Inf loss - skipping gradient step
  [WARNING] Batch 285 produced NaN/Inf loss - skipping gradient step
  [WARNING] Batch 286 produced NaN/Inf loss - skipping gradient step
  [WARNING] Batch 287 produced NaN/Inf loss - skipping gradient step
  [WARNING] Batch 290 produced NaN/Inf loss - skipping gradient step
  [WARNING] Batch 292 produced NaN/Inf loss - skipping gradient step
  [WARNING] Batch 293 produced NaN/Inf loss - skipping gradient step
  [WARNING] Batch 295 produced NaN/Inf loss - skipping gradient step
  [WARNING] Batch 296 produced NaN/Inf loss - skipping gradient step
  [WARNING] Batch 297 produced NaN/Inf loss - skipping gradient step
  [WARNING] Batch 299 produced NaN/Inf loss - skipping gradient step
  [WARNING] Batch 300 produced NaN/Inf loss - skipping gradient step
  [WARNING] Batch 301 produced NaN/Inf loss - skipping gradient step
  [WARNING] Batch 302 produced NaN/Inf loss - skipping gradient step
  [WARNING] Batch 304 produced NaN/Inf loss - skipping gradient step
  [WARNING] Batch 305 produced NaN/Inf loss - skipping gradient step
  [WARNING] Batch 307 produced NaN/Inf loss - skipping gradient step
  [WARNING] Batch 308 produced NaN/Inf loss - skipping gradient step
  [WARNING] Batch 310 produced NaN/Inf loss - skipping gradient step
  [WARNING] Batch 311 produced NaN/Inf loss - skipping gradient step
  [WARNING] Batch 313 produced NaN/Inf loss - skipping gradient step
  [WARNING] Batch 315 produced NaN/Inf loss - skipping gradient step
  [WARNING] Batch 316 produced NaN/Inf loss - skipping gradient step
  [WARNING] Batch 317 produced NaN/Inf loss - skipping gradient step
  [WARNING] Batch 319 produced NaN/Inf loss - skipping gradient step
  [WARNING] Batch 320 produced NaN/Inf loss - skipping gradient step
  [WARNING] Batch 321 produced NaN/Inf loss - skipping gradient step
  [WARNING] Batch 322 produced NaN/Inf loss - skipping gradient step
  [WARNING] Batch 323 produced NaN/Inf loss - skipping gradient step
  [WARNING] Batch 325 produced NaN/Inf loss - skipping gradient step
  [WARNING] Batch 326 produced NaN/Inf loss - skipping gradient step
  [WARNING] Batch 328 produced NaN/Inf loss - skipping gradient step
  [WARNING] Batch 329 produced NaN/Inf loss - skipping gradient step
  [WARNING] Batch 330 produced NaN/Inf loss - skipping gradient step
  [WARNING] Batch 331 produced NaN/Inf loss - skipping gradient step
  [WARNING] Batch 332 produced NaN/Inf loss - skipping gradient step
  [WARNING] Batch 334 produced NaN/Inf loss - skipping gradient step
  [WARNING] Batch 335 produced NaN/Inf loss - skipping gradient step
  [WARNING] Batch 336 produced NaN/Inf loss - skipping gradient step
  [WARNING] Batch 337 produced NaN/Inf loss - skipping gradient step
  [WARNING] Batch 338 produced NaN/Inf loss - skipping gradient step
  [WARNING] Batch 343 produced NaN/Inf loss - skipping gradient step
  [WARNING] Batch 344 produced NaN/Inf loss - skipping gradient step
  [WARNING] Batch 345 produced NaN/Inf loss - skipping gradient step
  [WARNING] Batch 346 produced NaN/Inf loss - skipping gradient step
  [WARNING] Batch 347 produced NaN/Inf loss - skipping gradient step
  [WARNING] Batch 348 produced NaN/Inf loss - skipping gradient step
  [WARNING] Batch 350 produced NaN/Inf loss - skipping gradient step
  [WARNING] Batch 351 produced NaN/Inf loss - skipping gradient step
  [WARNING] Batch 353 produced NaN/Inf loss - skipping gradient step
  [WARNING] Batch 355 produced NaN/Inf loss - skipping gradient step
  [WARNING] Batch 358 produced NaN/Inf loss - skipping gradient step
  [WARNING] Batch 359 produced NaN/Inf loss - skipping gradient step
  [WARNING] Batch 360 produced NaN/Inf loss - skipping gradient step
  [WARNING] Batch 361 produced NaN/Inf loss - skipping gradient step
  [WARNING] Batch 363 produced NaN/Inf loss - skipping gradient step
  [WARNING] Batch 364 produced NaN/Inf loss - skipping gradient step
  [WARNING] Batch 365 produced NaN/Inf loss - skipping gradient step
  [WARNING] Batch 366 produced NaN/Inf loss - skipping gradient step
  [WARNING] Batch 369 produced NaN/Inf loss - skipping gradient step
  [WARNING] Batch 372 produced NaN/Inf loss - skipping gradient step
  [WARNING] Batch 373 produced NaN/Inf loss - skipping gradient step
  [WARNING] Batch 375 produced NaN/Inf loss - skipping gradient step
  [WARNING] Batch 377 produced NaN/Inf loss - skipping gradient step
  [WARNING] Batch 378 produced NaN/Inf loss - skipping gradient step
  [WARNING] Batch 380 produced NaN/Inf loss - skipping gradient step
  [WARNING] Batch 382 produced NaN/Inf loss - skipping gradient step
  [WARNING] Batch 385 produced NaN/Inf loss - skipping gradient step
  [WARNING] Batch 386 produced NaN/Inf loss - skipping gradient step
  [WARNING] Batch 388 produced NaN/Inf loss - skipping gradient step
  [WARNING] Batch 389 produced NaN/Inf loss - skipping gradient step
  [WARNING] Batch 391 produced NaN/Inf loss - skipping gradient step
  [WARNING] Batch 393 produced NaN/Inf loss - skipping gradient step
  [WARNING] Batch 394 produced NaN/Inf loss - skipping gradient step
  [WARNING] Batch 396 produced NaN/Inf loss - skipping gradient step
  [WARNING] Batch 398 produced NaN/Inf loss - skipping gradient step
  [Epoch 03/12] Batch 0400/1918 | Loss: 0.7044 | VRAM: 0.48 GB | LR: 5.00e-04
  [WARNING] Batch 402 produced NaN/Inf loss - skipping gradient step
  [WARNING] Batch 403 produced NaN/Inf loss - skipping gradient step
  [WARNING] Batch 404 produced NaN/Inf loss - skipping gradient step
  [WARNING] Batch 405 produced NaN/Inf loss - skipping gradient step
  [WARNING] Batch 408 produced NaN/Inf loss - skipping gradient step
  [WARNING] Batch 409 produced NaN/Inf loss - skipping gradient step
  [WARNING] Batch 410 produced NaN/Inf loss - skipping gradient step
  [WARNING] Batch 411 produced NaN/Inf loss - skipping gradient step
  [WARNING] Batch 414 produced NaN/Inf loss - skipping gradient step
  [WARNING] Batch 415 produced NaN/Inf loss - skipping gradient step
  [WARNING] Batch 416 produced NaN/Inf loss - skipping gradient step
  [WARNING] Batch 417 produced NaN/Inf loss - skipping gradient step
  [WARNING] Batch 418 produced NaN/Inf loss - skipping gradient step
  [WARNING] Batch 420 produced NaN/Inf loss - skipping gradient step
  [WARNING] Batch 421 produced NaN/Inf loss - skipping gradient step
  [WARNING] Batch 422 produced NaN/Inf loss - skipping gradient step
  [WARNING] Batch 424 produced NaN/Inf loss - skipping gradient step
  [WARNING] Batch 425 produced NaN/Inf loss - skipping gradient step
  [WARNING] Batch 426 produced NaN/Inf loss - skipping gradient step
  [WARNING] Batch 427 produced NaN/Inf loss - skipping gradient step
  [WARNING] Batch 428 produced NaN/Inf loss - skipping gradient step
  [WARNING] Batch 430 produced NaN/Inf loss - skipping gradient step
  [WARNING] Batch 431 produced NaN/Inf loss - skipping gradient step
  [WARNING] Batch 435 produced NaN/Inf loss - skipping gradient step
  [WARNING] Batch 436 produced NaN/Inf loss - skipping gradient step
  [WARNING] Batch 437 produced NaN/Inf loss - skipping gradient step
  [WARNING] Batch 438 produced NaN/Inf loss - skipping gradient step
  [WARNING] Batch 439 produced NaN/Inf loss - skipping gradient step
  [WARNING] Batch 440 produced NaN/Inf loss - skipping gradient step
  [WARNING] Batch 441 produced NaN/Inf loss - skipping gradient step
  [WARNING] Batch 442 produced NaN/Inf loss - skipping gradient step
  [WARNING] Batch 445 produced NaN/Inf loss - skipping gradient step
  [WARNING] Batch 446 produced NaN/Inf loss - skipping gradient step
  [WARNING] Batch 449 produced NaN/Inf loss - skipping gradient step
  [WARNING] Batch 450 produced NaN/Inf loss - skipping gradient step
  [WARNING] Batch 451 produced NaN/Inf loss - skipping gradient step
  [WARNING] Batch 452 produced NaN/Inf loss - skipping gradient step
  [WARNING] Batch 454 produced NaN/Inf loss - skipping gradient step
  [WARNING] Batch 458 produced NaN/Inf loss - skipping gradient step
  [WARNING] Batch 460 produced NaN/Inf loss - skipping gradient step
  [WARNING] Batch 463 produced NaN/Inf loss - skipping gradient step
  [WARNING] Batch 464 produced NaN/Inf loss - skipping gradient step
  [WARNING] Batch 465 produced NaN/Inf loss - skipping gradient step
  [WARNING] Batch 466 produced NaN/Inf loss - skipping gradient step
  [WARNING] Batch 467 produced NaN/Inf loss - skipping gradient step
  [WARNING] Batch 468 produced NaN/Inf loss - skipping gradient step
  [WARNING] Batch 469 produced NaN/Inf loss - skipping gradient step
  [WARNING] Batch 470 produced NaN/Inf loss - skipping gradient step
  [WARNING] Batch 474 produced NaN/Inf loss - skipping gradient step
  [WARNING] Batch 475 produced NaN/Inf loss - skipping gradient step
  [WARNING] Batch 476 produced NaN/Inf loss - skipping gradient step
  [WARNING] Batch 479 produced NaN/Inf loss - skipping gradient step
  [WARNING] Batch 481 produced NaN/Inf loss - skipping gradient step
  [WARNING] Batch 482 produced NaN/Inf loss - skipping gradient step
  [WARNING] Batch 486 produced NaN/Inf loss - skipping gradient step
  [WARNING] Batch 489 produced NaN/Inf loss - skipping gradient step
  [WARNING] Batch 492 produced NaN/Inf loss - skipping gradient step
  [WARNING] Batch 493 produced NaN/Inf loss - skipping gradient step
  [WARNING] Batch 494 produced NaN/Inf loss - skipping gradient step
  [WARNING] Batch 495 produced NaN/Inf loss - skipping gradient step
  [WARNING] Batch 496 produced NaN/Inf loss - skipping gradient step
  [WARNING] Batch 498 produced NaN/Inf loss - skipping gradient step
  [WARNING] Batch 499 produced NaN/Inf loss - skipping gradient step
  [WARNING] Batch 500 produced NaN/Inf loss - skipping gradient step
  [WARNING] Batch 501 produced NaN/Inf loss - skipping gradient step
  [WARNING] Batch 502 produced NaN/Inf loss - skipping gradient step
  [WARNING] Batch 503 produced NaN/Inf loss - skipping gradient step
  [WARNING] Batch 505 produced NaN/Inf loss - skipping gradient step
  [WARNING] Batch 506 produced NaN/Inf loss - skipping gradient step
  [WARNING] Batch 507 produced NaN/Inf loss - skipping gradient step
  [WARNING] Batch 508 produced NaN/Inf loss - skipping gradient step
  [WARNING] Batch 509 produced NaN/Inf loss - skipping gradient step
  [WARNING] Batch 510 produced NaN/Inf loss - skipping gradient step
  [WARNING] Batch 512 produced NaN/Inf loss - skipping gradient step
  [WARNING] Batch 513 produced NaN/Inf loss - skipping gradient step
  [WARNING] Batch 515 produced NaN/Inf loss - skipping gradient step
  [WARNING] Batch 516 produced NaN/Inf loss - skipping gradient step
  [WARNING] Batch 517 produced NaN/Inf loss - skipping gradient step
  [WARNING] Batch 518 produced NaN/Inf loss - skipping gradient step
  [WARNING] Batch 519 produced NaN/Inf loss - skipping gradient step
  [WARNING] Batch 520 produced NaN/Inf loss - skipping gradient step
  [WARNING] Batch 522 produced NaN/Inf loss - skipping gradient step
  [WARNING] Batch 523 produced NaN/Inf loss - skipping gradient step
  [WARNING] Batch 526 produced NaN/Inf loss - skipping gradient step
  [WARNING] Batch 528 produced NaN/Inf loss - skipping gradient step
  [WARNING] Batch 530 produced NaN/Inf loss - skipping gradient step
  [WARNING] Batch 531 produced NaN/Inf loss - skipping gradient step
  [WARNING] Batch 532 produced NaN/Inf loss - skipping gradient step
  [WARNING] Batch 535 produced NaN/Inf loss - skipping gradient step
  [WARNING] Batch 538 produced NaN/Inf loss - skipping gradient step
  [WARNING] Batch 540 produced NaN/Inf loss - skipping gradient step
  [WARNING] Batch 541 produced NaN/Inf loss - skipping gradient step
  [WARNING] Batch 542 produced NaN/Inf loss - skipping gradient step
  [WARNING] Batch 543 produced NaN/Inf loss - skipping gradient step
  [WARNING] Batch 544 produced NaN/Inf loss - skipping gradient step
  [WARNING] Batch 545 produced NaN/Inf loss - skipping gradient step
  [WARNING] Batch 546 produced NaN/Inf loss - skipping gradient step
  [WARNING] Batch 548 produced NaN/Inf loss - skipping gradient step
  [WARNING] Batch 549 produced NaN/Inf loss - skipping gradient step
  [Epoch 03/12] Batch 0550/1918 | Loss: 0.7267 | VRAM: 0.48 GB | LR: 5.00e-04
  [WARNING] Batch 551 produced NaN/Inf loss - skipping gradient step
  [WARNING] Batch 552 produced NaN/Inf loss - skipping gradient step
  [WARNING] Batch 553 produced NaN/Inf loss - skipping gradient step
  [WARNING] Batch 554 produced NaN/Inf loss - skipping gradient step
  [WARNING] Batch 555 produced NaN/Inf loss - skipping gradient step
  [WARNING] Batch 556 produced NaN/Inf loss - skipping gradient step
  [WARNING] Batch 557 produced NaN/Inf loss - skipping gradient step
  [WARNING] Batch 558 produced NaN/Inf loss - skipping gradient step
  [WARNING] Batch 559 produced NaN/Inf loss - skipping gradient step
  [WARNING] Batch 560 produced NaN/Inf loss - skipping gradient step
  [WARNING] Batch 562 produced NaN/Inf loss - skipping gradient step
  [WARNING] Batch 563 produced NaN/Inf loss - skipping gradient step
  [WARNING] Batch 565 produced NaN/Inf loss - skipping gradient step
  [WARNING] Batch 566 produced NaN/Inf loss - skipping gradient step
  [WARNING] Batch 567 produced NaN/Inf loss - skipping gradient step
  [WARNING] Batch 568 produced NaN/Inf loss - skipping gradient step
  [WARNING] Batch 569 produced NaN/Inf loss - skipping gradient step
  [WARNING] Batch 570 produced NaN/Inf loss - skipping gradient step
  [WARNING] Batch 571 produced NaN/Inf loss - skipping gradient step
  [WARNING] Batch 572 produced NaN/Inf loss - skipping gradient step
  [WARNING] Batch 574 produced NaN/Inf loss - skipping gradient step
  [WARNING] Batch 575 produced NaN/Inf loss - skipping gradient step
  [WARNING] Batch 576 produced NaN/Inf loss - skipping gradient step
  [WARNING] Batch 577 produced NaN/Inf loss - skipping gradient step
  [WARNING] Batch 580 produced NaN/Inf loss - skipping gradient step
  [WARNING] Batch 581 produced NaN/Inf loss - skipping gradient step
  [WARNING] Batch 582 produced NaN/Inf loss - skipping gradient step
  [WARNING] Batch 584 produced NaN/Inf loss - skipping gradient step
  [WARNING] Batch 585 produced NaN/Inf loss - skipping gradient step
  [WARNING] Batch 587 produced NaN/Inf loss - skipping gradient step
  [WARNING] Batch 588 produced NaN/Inf loss - skipping gradient step
  [WARNING] Batch 590 produced NaN/Inf loss - skipping gradient step
  [WARNING] Batch 591 produced NaN/Inf loss - skipping gradient step
  [WARNING] Batch 592 produced NaN/Inf loss - skipping gradient step
  [WARNING] Batch 593 produced NaN/Inf loss - skipping gradient step
  [WARNING] Batch 597 produced NaN/Inf loss - skipping gradient step
  [WARNING] Batch 598 produced NaN/Inf loss - skipping gradient step
  [WARNING] Batch 599 produced NaN/Inf loss - skipping gradient step
  [Epoch 03/12] Batch 0600/1918 | Loss: 0.7139 | VRAM: 0.48 GB | LR: 5.00e-04
  [WARNING] Batch 601 produced NaN/Inf loss - skipping gradient step
  [WARNING] Batch 603 produced NaN/Inf loss - skipping gradient step
  [WARNING] Batch 607 produced NaN/Inf loss - skipping gradient step
  [WARNING] Batch 608 produced NaN/Inf loss - skipping gradient step
  [WARNING] Batch 609 produced NaN/Inf loss - skipping gradient step
  [WARNING] Batch 610 produced NaN/Inf loss - skipping gradient step
  [WARNING] Batch 611 produced NaN/Inf loss - skipping gradient step
  [WARNING] Batch 612 produced NaN/Inf loss - skipping gradient step
  [WARNING] Batch 614 produced NaN/Inf loss - skipping gradient step
  [WARNING] Batch 616 produced NaN/Inf loss - skipping gradient step
  [WARNING] Batch 618 produced NaN/Inf loss - skipping gradient step
  [WARNING] Batch 619 produced NaN/Inf loss - skipping gradient step
  [WARNING] Batch 622 produced NaN/Inf loss - skipping gradient step
  [WARNING] Batch 623 produced NaN/Inf loss - skipping gradient step
  [WARNING] Batch 624 produced NaN/Inf loss - skipping gradient step
  [WARNING] Batch 625 produced NaN/Inf loss - skipping gradient step
  [WARNING] Batch 628 produced NaN/Inf loss - skipping gradient step
  [WARNING] Batch 631 produced NaN/Inf loss - skipping gradient step
  [WARNING] Batch 632 produced NaN/Inf loss - skipping gradient step
  [WARNING] Batch 633 produced NaN/Inf loss - skipping gradient step
  [WARNING] Batch 634 produced NaN/Inf loss - skipping gradient step
  [WARNING] Batch 635 produced NaN/Inf loss - skipping gradient step
  [WARNING] Batch 637 produced NaN/Inf loss - skipping gradient step
  [WARNING] Batch 638 produced NaN/Inf loss - skipping gradient step
  [WARNING] Batch 639 produced NaN/Inf loss - skipping gradient step
  [WARNING] Batch 642 produced NaN/Inf loss - skipping gradient step
  [WARNING] Batch 644 produced NaN/Inf loss - skipping gradient step
  [WARNING] Batch 645 produced NaN/Inf loss - skipping gradient step
  [WARNING] Batch 646 produced NaN/Inf loss - skipping gradient step
  [WARNING] Batch 647 produced NaN/Inf loss - skipping gradient step
  [WARNING] Batch 648 produced NaN/Inf loss - skipping gradient step
  [WARNING] Batch 649 produced NaN/Inf loss - skipping gradient step
  [WARNING] Batch 650 produced NaN/Inf loss - skipping gradient step
  [WARNING] Batch 653 produced NaN/Inf loss - skipping gradient step
  [WARNING] Batch 654 produced NaN/Inf loss - skipping gradient step
  [WARNING] Batch 657 produced NaN/Inf loss - skipping gradient step
  [WARNING] Batch 658 produced NaN/Inf loss - skipping gradient step
  [WARNING] Batch 661 produced NaN/Inf loss - skipping gradient step
  [WARNING] Batch 663 produced NaN/Inf loss - skipping gradient step
  [WARNING] Batch 668 produced NaN/Inf loss - skipping gradient step
  [WARNING] Batch 670 produced NaN/Inf loss - skipping gradient step
  [WARNING] Batch 674 produced NaN/Inf loss - skipping gradient step
  [WARNING] Batch 676 produced NaN/Inf loss - skipping gradient step
  [WARNING] Batch 679 produced NaN/Inf loss - skipping gradient step
  [WARNING] Batch 680 produced NaN/Inf loss - skipping gradient step
  [WARNING] Batch 682 produced NaN/Inf loss - skipping gradient step
  [WARNING] Batch 683 produced NaN/Inf loss - skipping gradient step
  [WARNING] Batch 685 produced NaN/Inf loss - skipping gradient step
  [WARNING] Batch 686 produced NaN/Inf loss - skipping gradient step
  [WARNING] Batch 689 produced NaN/Inf loss - skipping gradient step
  [WARNING] Batch 692 produced NaN/Inf loss - skipping gradient step
  [WARNING] Batch 694 produced NaN/Inf loss - skipping gradient step
  [WARNING] Batch 695 produced NaN/Inf loss - skipping gradient step
  [WARNING] Batch 696 produced NaN/Inf loss - skipping gradient step
  [WARNING] Batch 697 produced NaN/Inf loss - skipping gradient step
  [WARNING] Batch 698 produced NaN/Inf loss - skipping gradient step
  [WARNING] Batch 699 produced NaN/Inf loss - skipping gradient step
  [WARNING] Batch 700 produced NaN/Inf loss - skipping gradient step
  [WARNING] Batch 701 produced NaN/Inf loss - skipping gradient step
  [WARNING] Batch 702 produced NaN/Inf loss - skipping gradient step
  [WARNING] Batch 703 produced NaN/Inf loss - skipping gradient step
  [WARNING] Batch 704 produced NaN/Inf loss - skipping gradient step
  [WARNING] Batch 705 produced NaN/Inf loss - skipping gradient step
  [WARNING] Batch 707 produced NaN/Inf loss - skipping gradient step
  [WARNING] Batch 708 produced NaN/Inf loss - skipping gradient step
  [WARNING] Batch 709 produced NaN/Inf loss - skipping gradient step
  [WARNING] Batch 712 produced NaN/Inf loss - skipping gradient step
  [WARNING] Batch 714 produced NaN/Inf loss - skipping gradient step
  [WARNING] Batch 717 produced NaN/Inf loss - skipping gradient step
  [WARNING] Batch 719 produced NaN/Inf loss - skipping gradient step
  [WARNING] Batch 720 produced NaN/Inf loss - skipping gradient step
  [WARNING] Batch 722 produced NaN/Inf loss - skipping gradient step
  [WARNING] Batch 723 produced NaN/Inf loss - skipping gradient step
  [WARNING] Batch 726 produced NaN/Inf loss - skipping gradient step
  [WARNING] Batch 727 produced NaN/Inf loss - skipping gradient step
  [WARNING] Batch 728 produced NaN/Inf loss - skipping gradient step
  [WARNING] Batch 730 produced NaN/Inf loss - skipping gradient step
  [WARNING] Batch 731 produced NaN/Inf loss - skipping gradient step
  [WARNING] Batch 732 produced NaN/Inf loss - skipping gradient step
  [WARNING] Batch 733 produced NaN/Inf loss - skipping gradient step
  [WARNING] Batch 734 produced NaN/Inf loss - skipping gradient step
  [WARNING] Batch 735 produced NaN/Inf loss - skipping gradient step
  [WARNING] Batch 736 produced NaN/Inf loss - skipping gradient step
  [WARNING] Batch 737 produced NaN/Inf loss - skipping gradient step
  [WARNING] Batch 739 produced NaN/Inf loss - skipping gradient step
  [WARNING] Batch 744 produced NaN/Inf loss - skipping gradient step
  [WARNING] Batch 746 produced NaN/Inf loss - skipping gradient step
  [WARNING] Batch 747 produced NaN/Inf loss - skipping gradient step
  [WARNING] Batch 748 produced NaN/Inf loss - skipping gradient step
  [Epoch 03/12] Batch 0750/1918 | Loss: 0.7562 | VRAM: 0.48 GB | LR: 5.00e-04
  [WARNING] Batch 751 produced NaN/Inf loss - skipping gradient step
  [WARNING] Batch 752 produced NaN/Inf loss - skipping gradient step
  [WARNING] Batch 753 produced NaN/Inf loss - skipping gradient step
  [WARNING] Batch 754 produced NaN/Inf loss - skipping gradient step
  [WARNING] Batch 755 produced NaN/Inf loss - skipping gradient step
  [WARNING] Batch 757 produced NaN/Inf loss - skipping gradient step
  [WARNING] Batch 758 produced NaN/Inf loss - skipping gradient step
  [WARNING] Batch 759 produced NaN/Inf loss - skipping gradient step
  [WARNING] Batch 761 produced NaN/Inf loss - skipping gradient step
  [WARNING] Batch 762 produced NaN/Inf loss - skipping gradient step
  [WARNING] Batch 763 produced NaN/Inf loss - skipping gradient step
  [WARNING] Batch 765 produced NaN/Inf loss - skipping gradient step
  [WARNING] Batch 766 produced NaN/Inf loss - skipping gradient step
  [WARNING] Batch 767 produced NaN/Inf loss - skipping gradient step
  [WARNING] Batch 768 produced NaN/Inf loss - skipping gradient step
  [WARNING] Batch 769 produced NaN/Inf loss - skipping gradient step
  [WARNING] Batch 770 produced NaN/Inf loss - skipping gradient step
  [WARNING] Batch 771 produced NaN/Inf loss - skipping gradient step
  [WARNING] Batch 772 produced NaN/Inf loss - skipping gradient step
  [WARNING] Batch 773 produced NaN/Inf loss - skipping gradient step
  [WARNING] Batch 774 produced NaN/Inf loss - skipping gradient step
  [WARNING] Batch 777 produced NaN/Inf loss - skipping gradient step
  [WARNING] Batch 778 produced NaN/Inf loss - skipping gradient step
  [WARNING] Batch 780 produced NaN/Inf loss - skipping gradient step
  [WARNING] Batch 782 produced NaN/Inf loss - skipping gradient step
  [WARNING] Batch 783 produced NaN/Inf loss - skipping gradient step
  [WARNING] Batch 785 produced NaN/Inf loss - skipping gradient step
  [WARNING] Batch 786 produced NaN/Inf loss - skipping gradient step
  [WARNING] Batch 787 produced NaN/Inf loss - skipping gradient step
  [WARNING] Batch 788 produced NaN/Inf loss - skipping gradient step
  [WARNING] Batch 790 produced NaN/Inf loss - skipping gradient step
  [WARNING] Batch 791 produced NaN/Inf loss - skipping gradient step
  [WARNING] Batch 792 produced NaN/Inf loss - skipping gradient step
  [WARNING] Batch 793 produced NaN/Inf loss - skipping gradient step
  [WARNING] Batch 794 produced NaN/Inf loss - skipping gradient step
  [WARNING] Batch 795 produced NaN/Inf loss - skipping gradient step
  [WARNING] Batch 799 produced NaN/Inf loss - skipping gradient step
  [WARNING] Batch 800 produced NaN/Inf loss - skipping gradient step
  [WARNING] Batch 802 produced NaN/Inf loss - skipping gradient step
  [WARNING] Batch 806 produced NaN/Inf loss - skipping gradient step
  [WARNING] Batch 807 produced NaN/Inf loss - skipping gradient step
  [WARNING] Batch 809 produced NaN/Inf loss - skipping gradient step
  [WARNING] Batch 811 produced NaN/Inf loss - skipping gradient step
  [WARNING] Batch 813 produced NaN/Inf loss - skipping gradient step
  [WARNING] Batch 814 produced NaN/Inf loss - skipping gradient step
  [WARNING] Batch 818 produced NaN/Inf loss - skipping gradient step
  [WARNING] Batch 819 produced NaN/Inf loss - skipping gradient step
  [WARNING] Batch 820 produced NaN/Inf loss - skipping gradient step
  [WARNING] Batch 822 produced NaN/Inf loss - skipping gradient step
  [WARNING] Batch 825 produced NaN/Inf loss - skipping gradient step
  [WARNING] Batch 826 produced NaN/Inf loss - skipping gradient step
  [WARNING] Batch 827 produced NaN/Inf loss - skipping gradient step
  [WARNING] Batch 828 produced NaN/Inf loss - skipping gradient step
  [WARNING] Batch 829 produced NaN/Inf loss - skipping gradient step
  [WARNING] Batch 830 produced NaN/Inf loss - skipping gradient step
  [WARNING] Batch 831 produced NaN/Inf loss - skipping gradient step
  [WARNING] Batch 832 produced NaN/Inf loss - skipping gradient step
  [WARNING] Batch 833 produced NaN/Inf loss - skipping gradient step
  [WARNING] Batch 835 produced NaN/Inf loss - skipping gradient step
  [WARNING] Batch 836 produced NaN/Inf loss - skipping gradient step
  [WARNING] Batch 837 produced NaN/Inf loss - skipping gradient step
  [WARNING] Batch 838 produced NaN/Inf loss - skipping gradient step
  [WARNING] Batch 840 produced NaN/Inf loss - skipping gradient step
  [WARNING] Batch 841 produced NaN/Inf loss - skipping gradient step
  [WARNING] Batch 844 produced NaN/Inf loss - skipping gradient step
  [WARNING] Batch 845 produced NaN/Inf loss - skipping gradient step
  [WARNING] Batch 846 produced NaN/Inf loss - skipping gradient step
  [WARNING] Batch 849 produced NaN/Inf loss - skipping gradient step
  [WARNING] Batch 850 produced NaN/Inf loss - skipping gradient step
  [WARNING] Batch 852 produced NaN/Inf loss - skipping gradient step
  [WARNING] Batch 855 produced NaN/Inf loss - skipping gradient step
  [WARNING] Batch 856 produced NaN/Inf loss - skipping gradient step
  [WARNING] Batch 858 produced NaN/Inf loss - skipping gradient step
  [WARNING] Batch 859 produced NaN/Inf loss - skipping gradient step
  [WARNING] Batch 860 produced NaN/Inf loss - skipping gradient step
  [WARNING] Batch 861 produced NaN/Inf loss - skipping gradient step
  [WARNING] Batch 862 produced NaN/Inf loss - skipping gradient step
  [WARNING] Batch 863 produced NaN/Inf loss - skipping gradient step
  [WARNING] Batch 864 produced NaN/Inf loss - skipping gradient step
  [WARNING] Batch 866 produced NaN/Inf loss - skipping gradient step
  [WARNING] Batch 869 produced NaN/Inf loss - skipping gradient step
  [WARNING] Batch 870 produced NaN/Inf loss - skipping gradient step
  [WARNING] Batch 871 produced NaN/Inf loss - skipping gradient step
  [WARNING] Batch 873 produced NaN/Inf loss - skipping gradient step
  [WARNING] Batch 874 produced NaN/Inf loss - skipping gradient step
  [WARNING] Batch 875 produced NaN/Inf loss - skipping gradient step
  [WARNING] Batch 876 produced NaN/Inf loss - skipping gradient step
  [WARNING] Batch 877 produced NaN/Inf loss - skipping gradient step
  [WARNING] Batch 879 produced NaN/Inf loss - skipping gradient step
  [WARNING] Batch 881 produced NaN/Inf loss - skipping gradient step
  [WARNING] Batch 885 produced NaN/Inf loss - skipping gradient step
  [WARNING] Batch 886 produced NaN/Inf loss - skipping gradient step
  [WARNING] Batch 887 produced NaN/Inf loss - skipping gradient step
  [WARNING] Batch 888 produced NaN/Inf loss - skipping gradient step
  [WARNING] Batch 889 produced NaN/Inf loss - skipping gradient step
  [WARNING] Batch 890 produced NaN/Inf loss - skipping gradient step
  [WARNING] Batch 891 produced NaN/Inf loss - skipping gradient step
  [WARNING] Batch 893 produced NaN/Inf loss - skipping gradient step
  [WARNING] Batch 894 produced NaN/Inf loss - skipping gradient step
  [WARNING] Batch 895 produced NaN/Inf loss - skipping gradient step
  [WARNING] Batch 896 produced NaN/Inf loss - skipping gradient step
  [WARNING] Batch 897 produced NaN/Inf loss - skipping gradient step
  [WARNING] Batch 898 produced NaN/Inf loss - skipping gradient step
  [WARNING] Batch 899 produced NaN/Inf loss - skipping gradient step
  [Epoch 03/12] Batch 0900/1918 | Loss: 0.7437 | VRAM: 0.48 GB | LR: 5.00e-04
  [WARNING] Batch 901 produced NaN/Inf loss - skipping gradient step
  [WARNING] Batch 902 produced NaN/Inf loss - skipping gradient step
  [WARNING] Batch 903 produced NaN/Inf loss - skipping gradient step
  [WARNING] Batch 905 produced NaN/Inf loss - skipping gradient step
  [WARNING] Batch 906 produced NaN/Inf loss - skipping gradient step
  [WARNING] Batch 907 produced NaN/Inf loss - skipping gradient step
  [WARNING] Batch 908 produced NaN/Inf loss - skipping gradient step
  [WARNING] Batch 911 produced NaN/Inf loss - skipping gradient step
  [WARNING] Batch 912 produced NaN/Inf loss - skipping gradient step
  [WARNING] Batch 913 produced NaN/Inf loss - skipping gradient step
  [WARNING] Batch 918 produced NaN/Inf loss - skipping gradient step
  [WARNING] Batch 921 produced NaN/Inf loss - skipping gradient step
  [WARNING] Batch 922 produced NaN/Inf loss - skipping gradient step
  [WARNING] Batch 924 produced NaN/Inf loss - skipping gradient step
  [WARNING] Batch 925 produced NaN/Inf loss - skipping gradient step
  [WARNING] Batch 926 produced NaN/Inf loss - skipping gradient step
  [WARNING] Batch 927 produced NaN/Inf loss - skipping gradient step
  [WARNING] Batch 928 produced NaN/Inf loss - skipping gradient step
  [WARNING] Batch 930 produced NaN/Inf loss - skipping gradient step
  [WARNING] Batch 933 produced NaN/Inf loss - skipping gradient step
  [WARNING] Batch 934 produced NaN/Inf loss - skipping gradient step
  [WARNING] Batch 935 produced NaN/Inf loss - skipping gradient step
  [WARNING] Batch 942 produced NaN/Inf loss - skipping gradient step
  [WARNING] Batch 944 produced NaN/Inf loss - skipping gradient step
  [WARNING] Batch 945 produced NaN/Inf loss - skipping gradient step
  [WARNING] Batch 947 produced NaN/Inf loss - skipping gradient step
  [WARNING] Batch 948 produced NaN/Inf loss - skipping gradient step
  [WARNING] Batch 949 produced NaN/Inf loss - skipping gradient step
  [WARNING] Batch 950 produced NaN/Inf loss - skipping gradient step
  [WARNING] Batch 951 produced NaN/Inf loss - skipping gradient step
  [WARNING] Batch 952 produced NaN/Inf loss - skipping gradient step
  [WARNING] Batch 953 produced NaN/Inf loss - skipping gradient step
  [WARNING] Batch 956 produced NaN/Inf loss - skipping gradient step
  [WARNING] Batch 958 produced NaN/Inf loss - skipping gradient step
  [WARNING] Batch 960 produced NaN/Inf loss - skipping gradient step
  [WARNING] Batch 961 produced NaN/Inf loss - skipping gradient step
  [WARNING] Batch 962 produced NaN/Inf loss - skipping gradient step
  [WARNING] Batch 965 produced NaN/Inf loss - skipping gradient step
  [WARNING] Batch 966 produced NaN/Inf loss - skipping gradient step
  [WARNING] Batch 968 produced NaN/Inf loss - skipping gradient step
  [WARNING] Batch 969 produced NaN/Inf loss - skipping gradient step
  [WARNING] Batch 971 produced NaN/Inf loss - skipping gradient step
  [WARNING] Batch 974 produced NaN/Inf loss - skipping gradient step
  [WARNING] Batch 975 produced NaN/Inf loss - skipping gradient step
  [WARNING] Batch 976 produced NaN/Inf loss - skipping gradient step
  [WARNING] Batch 978 produced NaN/Inf loss - skipping gradient step
  [WARNING] Batch 979 produced NaN/Inf loss - skipping gradient step
  [WARNING] Batch 982 produced NaN/Inf loss - skipping gradient step
  [WARNING] Batch 983 produced NaN/Inf loss - skipping gradient step
  [WARNING] Batch 984 produced NaN/Inf loss - skipping gradient step
  [WARNING] Batch 985 produced NaN/Inf loss - skipping gradient step
  [WARNING] Batch 986 produced NaN/Inf loss - skipping gradient step
  [WARNING] Batch 988 produced NaN/Inf loss - skipping gradient step
  [WARNING] Batch 989 produced NaN/Inf loss - skipping gradient step
  [WARNING] Batch 990 produced NaN/Inf loss - skipping gradient step
  [WARNING] Batch 991 produced NaN/Inf loss - skipping gradient step
  [WARNING] Batch 992 produced NaN/Inf loss - skipping gradient step
  [WARNING] Batch 993 produced NaN/Inf loss - skipping gradient step
  [WARNING] Batch 994 produced NaN/Inf loss - skipping gradient step
  [WARNING] Batch 995 produced NaN/Inf loss - skipping gradient step
  [WARNING] Batch 997 produced NaN/Inf loss - skipping gradient step
  [WARNING] Batch 1000 produced NaN/Inf loss - skipping gradient step
  [WARNING] Batch 1001 produced NaN/Inf loss - skipping gradient step
  [WARNING] Batch 1002 produced NaN/Inf loss - skipping gradient step
  [WARNING] Batch 1003 produced NaN/Inf loss - skipping gradient step
  [WARNING] Batch 1004 produced NaN/Inf loss - skipping gradient step
  [WARNING] Batch 1005 produced NaN/Inf loss - skipping gradient step
  [WARNING] Batch 1006 produced NaN/Inf loss - skipping gradient step
  [WARNING] Batch 1007 produced NaN/Inf loss - skipping gradient step
  [WARNING] Batch 1008 produced NaN/Inf loss - skipping gradient step
  [WARNING] Batch 1009 produced NaN/Inf loss - skipping gradient step
  [WARNING] Batch 1010 produced NaN/Inf loss - skipping gradient step
  [WARNING] Batch 1011 produced NaN/Inf loss - skipping gradient step
  [WARNING] Batch 1012 produced NaN/Inf loss - skipping gradient step
  [WARNING] Batch 1016 produced NaN/Inf loss - skipping gradient step
  [WARNING] Batch 1019 produced NaN/Inf loss - skipping gradient step
  [WARNING] Batch 1020 produced NaN/Inf loss - skipping gradient step
  [WARNING] Batch 1021 produced NaN/Inf loss - skipping gradient step
  [WARNING] Batch 1022 produced NaN/Inf loss - skipping gradient step
  [WARNING] Batch 1024 produced NaN/Inf loss - skipping gradient step
  [WARNING] Batch 1025 produced NaN/Inf loss - skipping gradient step
  [WARNING] Batch 1026 produced NaN/Inf loss - skipping gradient step
  [WARNING] Batch 1027 produced NaN/Inf loss - skipping gradient step
  [WARNING] Batch 1029 produced NaN/Inf loss - skipping gradient step
  [WARNING] Batch 1031 produced NaN/Inf loss - skipping gradient step
  [WARNING] Batch 1035 produced NaN/Inf loss - skipping gradient step
  [WARNING] Batch 1037 produced NaN/Inf loss - skipping gradient step
  [WARNING] Batch 1039 produced NaN/Inf loss - skipping gradient step
  [WARNING] Batch 1041 produced NaN/Inf loss - skipping gradient step
  [WARNING] Batch 1042 produced NaN/Inf loss - skipping gradient step
  [WARNING] Batch 1044 produced NaN/Inf loss - skipping gradient step
  [WARNING] Batch 1046 produced NaN/Inf loss - skipping gradient step
  [WARNING] Batch 1047 produced NaN/Inf loss - skipping gradient step
  [WARNING] Batch 1048 produced NaN/Inf loss - skipping gradient step
  [WARNING] Batch 1049 produced NaN/Inf loss - skipping gradient step
  [WARNING] Batch 1050 produced NaN/Inf loss - skipping gradient step
  [WARNING] Batch 1051 produced NaN/Inf loss - skipping gradient step
  [WARNING] Batch 1052 produced NaN/Inf loss - skipping gradient step
  [WARNING] Batch 1053 produced NaN/Inf loss - skipping gradient step
  [WARNING] Batch 1055 produced NaN/Inf loss - skipping gradient step
  [WARNING] Batch 1058 produced NaN/Inf loss - skipping gradient step
  [WARNING] Batch 1059 produced NaN/Inf loss - skipping gradient step
  [WARNING] Batch 1060 produced NaN/Inf loss - skipping gradient step
  [WARNING] Batch 1061 produced NaN/Inf loss - skipping gradient step
  [WARNING] Batch 1062 produced NaN/Inf loss - skipping gradient step
  [WARNING] Batch 1065 produced NaN/Inf loss - skipping gradient step
  [WARNING] Batch 1066 produced NaN/Inf loss - skipping gradient step
  [WARNING] Batch 1067 produced NaN/Inf loss - skipping gradient step
  [WARNING] Batch 1070 produced NaN/Inf loss - skipping gradient step
  [WARNING] Batch 1071 produced NaN/Inf loss - skipping gradient step
  [WARNING] Batch 1072 produced NaN/Inf loss - skipping gradient step
  [WARNING] Batch 1076 produced NaN/Inf loss - skipping gradient step
  [WARNING] Batch 1078 produced NaN/Inf loss - skipping gradient step
  [WARNING] Batch 1079 produced NaN/Inf loss - skipping gradient step
  [WARNING] Batch 1081 produced NaN/Inf loss - skipping gradient step
  [WARNING] Batch 1082 produced NaN/Inf loss - skipping gradient step
  [WARNING] Batch 1083 produced NaN/Inf loss - skipping gradient step
  [WARNING] Batch 1084 produced NaN/Inf loss - skipping gradient step
  [WARNING] Batch 1086 produced NaN/Inf loss - skipping gradient step
  [WARNING] Batch 1087 produced NaN/Inf loss - skipping gradient step
  [WARNING] Batch 1088 produced NaN/Inf loss - skipping gradient step
  [WARNING] Batch 1090 produced NaN/Inf loss - skipping gradient step
  [WARNING] Batch 1092 produced NaN/Inf loss - skipping gradient step
  [WARNING] Batch 1093 produced NaN/Inf loss - skipping gradient step
  [WARNING] Batch 1095 produced NaN/Inf loss - skipping gradient step
  [WARNING] Batch 1097 produced NaN/Inf loss - skipping gradient step
  [WARNING] Batch 1098 produced NaN/Inf loss - skipping gradient step
  [WARNING] Batch 1100 produced NaN/Inf loss - skipping gradient step
  [WARNING] Batch 1102 produced NaN/Inf loss - skipping gradient step
  [WARNING] Batch 1105 produced NaN/Inf loss - skipping gradient step
  [WARNING] Batch 1106 produced NaN/Inf loss - skipping gradient step
  [WARNING] Batch 1107 produced NaN/Inf loss - skipping gradient step
  [WARNING] Batch 1108 produced NaN/Inf loss - skipping gradient step
  [WARNING] Batch 1109 produced NaN/Inf loss - skipping gradient step
  [WARNING] Batch 1110 produced NaN/Inf loss - skipping gradient step
  [WARNING] Batch 1114 produced NaN/Inf loss - skipping gradient step
  [WARNING] Batch 1115 produced NaN/Inf loss - skipping gradient step
  [WARNING] Batch 1118 produced NaN/Inf loss - skipping gradient step
  [WARNING] Batch 1119 produced NaN/Inf loss - skipping gradient step
  [WARNING] Batch 1120 produced NaN/Inf loss - skipping gradient step
  [WARNING] Batch 1122 produced NaN/Inf loss - skipping gradient step
  [WARNING] Batch 1123 produced NaN/Inf loss - skipping gradient step
  [WARNING] Batch 1125 produced NaN/Inf loss - skipping gradient step
  [WARNING] Batch 1126 produced NaN/Inf loss - skipping gradient step
  [WARNING] Batch 1128 produced NaN/Inf loss - skipping gradient step
  [WARNING] Batch 1129 produced NaN/Inf loss - skipping gradient step
  [WARNING] Batch 1132 produced NaN/Inf loss - skipping gradient step
  [WARNING] Batch 1134 produced NaN/Inf loss - skipping gradient step
  [WARNING] Batch 1135 produced NaN/Inf loss - skipping gradient step
  [WARNING] Batch 1140 produced NaN/Inf loss - skipping gradient step
  [WARNING] Batch 1141 produced NaN/Inf loss - skipping gradient step
  [WARNING] Batch 1142 produced NaN/Inf loss - skipping gradient step
  [WARNING] Batch 1144 produced NaN/Inf loss - skipping gradient step
  [WARNING] Batch 1145 produced NaN/Inf loss - skipping gradient step
  [WARNING] Batch 1147 produced NaN/Inf loss - skipping gradient step
  [WARNING] Batch 1148 produced NaN/Inf loss - skipping gradient step
  [WARNING] Batch 1149 produced NaN/Inf loss - skipping gradient step
  [Epoch 03/12] Batch 1150/1918 | Loss: 0.7669 | VRAM: 0.48 GB | LR: 5.00e-04
  [WARNING] Batch 1151 produced NaN/Inf loss - skipping gradient step
  [WARNING] Batch 1153 produced NaN/Inf loss - skipping gradient step
  [WARNING] Batch 1154 produced NaN/Inf loss - skipping gradient step
  [WARNING] Batch 1156 produced NaN/Inf loss - skipping gradient step
  [WARNING] Batch 1157 produced NaN/Inf loss - skipping gradient step
  [WARNING] Batch 1159 produced NaN/Inf loss - skipping gradient step
  [WARNING] Batch 1161 produced NaN/Inf loss - skipping gradient step
  [WARNING] Batch 1165 produced NaN/Inf loss - skipping gradient step
  [WARNING] Batch 1166 produced NaN/Inf loss - skipping gradient step
  [WARNING] Batch 1167 produced NaN/Inf loss - skipping gradient step
  [WARNING] Batch 1168 produced NaN/Inf loss - skipping gradient step
  [WARNING] Batch 1171 produced NaN/Inf loss - skipping gradient step
  [WARNING] Batch 1172 produced NaN/Inf loss - skipping gradient step
  [WARNING] Batch 1173 produced NaN/Inf loss - skipping gradient step
  [WARNING] Batch 1175 produced NaN/Inf loss - skipping gradient step
  [WARNING] Batch 1177 produced NaN/Inf loss - skipping gradient step
  [WARNING] Batch 1179 produced NaN/Inf loss - skipping gradient step
  [WARNING] Batch 1180 produced NaN/Inf loss - skipping gradient step
  [WARNING] Batch 1182 produced NaN/Inf loss - skipping gradient step
  [WARNING] Batch 1184 produced NaN/Inf loss - skipping gradient step
  [WARNING] Batch 1185 produced NaN/Inf loss - skipping gradient step
  [WARNING] Batch 1186 produced NaN/Inf loss - skipping gradient step
  [WARNING] Batch 1187 produced NaN/Inf loss - skipping gradient step
  [WARNING] Batch 1188 produced NaN/Inf loss - skipping gradient step
  [WARNING] Batch 1189 produced NaN/Inf loss - skipping gradient step
  [WARNING] Batch 1190 produced NaN/Inf loss - skipping gradient step
  [WARNING] Batch 1192 produced NaN/Inf loss - skipping gradient step
  [WARNING] Batch 1193 produced NaN/Inf loss - skipping gradient step
  [WARNING] Batch 1195 produced NaN/Inf loss - skipping gradient step
  [WARNING] Batch 1196 produced NaN/Inf loss - skipping gradient step
  [WARNING] Batch 1197 produced NaN/Inf loss - skipping gradient step
  [WARNING] Batch 1198 produced NaN/Inf loss - skipping gradient step
  [Epoch 03/12] Batch 1200/1918 | Loss: 0.7705 | VRAM: 0.48 GB | LR: 5.00e-04
  [WARNING] Batch 1201 produced NaN/Inf loss - skipping gradient step
  [WARNING] Batch 1202 produced NaN/Inf loss - skipping gradient step
  [WARNING] Batch 1203 produced NaN/Inf loss - skipping gradient step
  [WARNING] Batch 1204 produced NaN/Inf loss - skipping gradient step
  [WARNING] Batch 1206 produced NaN/Inf loss - skipping gradient step
  [WARNING] Batch 1208 produced NaN/Inf loss - skipping gradient step
  [WARNING] Batch 1211 produced NaN/Inf loss - skipping gradient step
  [WARNING] Batch 1212 produced NaN/Inf loss - skipping gradient step
  [WARNING] Batch 1213 produced NaN/Inf loss - skipping gradient step
  [WARNING] Batch 1215 produced NaN/Inf loss - skipping gradient step
  [WARNING] Batch 1218 produced NaN/Inf loss - skipping gradient step
  [WARNING] Batch 1219 produced NaN/Inf loss - skipping gradient step
  [WARNING] Batch 1220 produced NaN/Inf loss - skipping gradient step
  [WARNING] Batch 1222 produced NaN/Inf loss - skipping gradient step
  [WARNING] Batch 1223 produced NaN/Inf loss - skipping gradient step
  [WARNING] Batch 1225 produced NaN/Inf loss - skipping gradient step
  [WARNING] Batch 1228 produced NaN/Inf loss - skipping gradient step
  [WARNING] Batch 1230 produced NaN/Inf loss - skipping gradient step
  [WARNING] Batch 1235 produced NaN/Inf loss - skipping gradient step
  [WARNING] Batch 1237 produced NaN/Inf loss - skipping gradient step
  [WARNING] Batch 1239 produced NaN/Inf loss - skipping gradient step
  [WARNING] Batch 1240 produced NaN/Inf loss - skipping gradient step
  [WARNING] Batch 1241 produced NaN/Inf loss - skipping gradient step
  [WARNING] Batch 1243 produced NaN/Inf loss - skipping gradient step
  [WARNING] Batch 1244 produced NaN/Inf loss - skipping gradient step
  [WARNING] Batch 1245 produced NaN/Inf loss - skipping gradient step
  [WARNING] Batch 1247 produced NaN/Inf loss - skipping gradient step
  [WARNING] Batch 1248 produced NaN/Inf loss - skipping gradient step
  [WARNING] Batch 1249 produced NaN/Inf loss - skipping gradient step
  [Epoch 03/12] Batch 1250/1918 | Loss: 0.7751 | VRAM: 0.48 GB | LR: 5.00e-04
  [WARNING] Batch 1251 produced NaN/Inf loss - skipping gradient step
  [WARNING] Batch 1252 produced NaN/Inf loss - skipping gradient step
  [WARNING] Batch 1253 produced NaN/Inf loss - skipping gradient step
  [WARNING] Batch 1259 produced NaN/Inf loss - skipping gradient step
  [WARNING] Batch 1260 produced NaN/Inf loss - skipping gradient step
  [WARNING] Batch 1262 produced NaN/Inf loss - skipping gradient step
  [WARNING] Batch 1263 produced NaN/Inf loss - skipping gradient step
  [WARNING] Batch 1264 produced NaN/Inf loss - skipping gradient step
  [WARNING] Batch 1265 produced NaN/Inf loss - skipping gradient step
  [WARNING] Batch 1266 produced NaN/Inf loss - skipping gradient step
  [WARNING] Batch 1269 produced NaN/Inf loss - skipping gradient step
  [WARNING] Batch 1270 produced NaN/Inf loss - skipping gradient step
  [WARNING] Batch 1271 produced NaN/Inf loss - skipping gradient step
  [WARNING] Batch 1273 produced NaN/Inf loss - skipping gradient step
  [WARNING] Batch 1275 produced NaN/Inf loss - skipping gradient step
  [WARNING] Batch 1276 produced NaN/Inf loss - skipping gradient step
  [WARNING] Batch 1277 produced NaN/Inf loss - skipping gradient step
  [WARNING] Batch 1278 produced NaN/Inf loss - skipping gradient step
  [WARNING] Batch 1282 produced NaN/Inf loss - skipping gradient step
  [WARNING] Batch 1285 produced NaN/Inf loss - skipping gradient step
  [WARNING] Batch 1287 produced NaN/Inf loss - skipping gradient step
  [WARNING] Batch 1288 produced NaN/Inf loss - skipping gradient step
  [WARNING] Batch 1289 produced NaN/Inf loss - skipping gradient step
  [WARNING] Batch 1293 produced NaN/Inf loss - skipping gradient step
  [WARNING] Batch 1295 produced NaN/Inf loss - skipping gradient step
  [WARNING] Batch 1296 produced NaN/Inf loss - skipping gradient step
  [WARNING] Batch 1297 produced NaN/Inf loss - skipping gradient step
  [WARNING] Batch 1298 produced NaN/Inf loss - skipping gradient step
  [WARNING] Batch 1299 produced NaN/Inf loss - skipping gradient step
  [Epoch 03/12] Batch 1300/1918 | Loss: 0.7809 | VRAM: 0.48 GB | LR: 5.00e-04
  [WARNING] Batch 1301 produced NaN/Inf loss - skipping gradient step
  [WARNING] Batch 1303 produced NaN/Inf loss - skipping gradient step
  [WARNING] Batch 1304 produced NaN/Inf loss - skipping gradient step
  [WARNING] Batch 1306 produced NaN/Inf loss - skipping gradient step
  [WARNING] Batch 1309 produced NaN/Inf loss - skipping gradient step
  [WARNING] Batch 1310 produced NaN/Inf loss - skipping gradient step
  [WARNING] Batch 1313 produced NaN/Inf loss - skipping gradient step
  [WARNING] Batch 1314 produced NaN/Inf loss - skipping gradient step
  [WARNING] Batch 1315 produced NaN/Inf loss - skipping gradient step
  [WARNING] Batch 1316 produced NaN/Inf loss - skipping gradient step
  [WARNING] Batch 1317 produced NaN/Inf loss - skipping gradient step
  [WARNING] Batch 1319 produced NaN/Inf loss - skipping gradient step
  [WARNING] Batch 1321 produced NaN/Inf loss - skipping gradient step
  [WARNING] Batch 1324 produced NaN/Inf loss - skipping gradient step
  [WARNING] Batch 1325 produced NaN/Inf loss - skipping gradient step
  [WARNING] Batch 1326 produced NaN/Inf loss - skipping gradient step
  [WARNING] Batch 1329 produced NaN/Inf loss - skipping gradient step
  [WARNING] Batch 1330 produced NaN/Inf loss - skipping gradient step
  [WARNING] Batch 1331 produced NaN/Inf loss - skipping gradient step
  [WARNING] Batch 1333 produced NaN/Inf loss - skipping gradient step
  [WARNING] Batch 1336 produced NaN/Inf loss - skipping gradient step
  [WARNING] Batch 1338 produced NaN/Inf loss - skipping gradient step
  [WARNING] Batch 1342 produced NaN/Inf loss - skipping gradient step
  [WARNING] Batch 1344 produced NaN/Inf loss - skipping gradient step
  [WARNING] Batch 1347 produced NaN/Inf loss - skipping gradient step
  [Epoch 03/12] Batch 1350/1918 | Loss: 0.7950 | VRAM: 0.48 GB | LR: 5.00e-04
  [WARNING] Batch 1352 produced NaN/Inf loss - skipping gradient step
  [WARNING] Batch 1353 produced NaN/Inf loss - skipping gradient step
  [WARNING] Batch 1354 produced NaN/Inf loss - skipping gradient step
  [WARNING] Batch 1355 produced NaN/Inf loss - skipping gradient step
  [WARNING] Batch 1356 produced NaN/Inf loss - skipping gradient step
  [WARNING] Batch 1357 produced NaN/Inf loss - skipping gradient step
  [WARNING] Batch 1358 produced NaN/Inf loss - skipping gradient step
  [WARNING] Batch 1360 produced NaN/Inf loss - skipping gradient step
  [WARNING] Batch 1361 produced NaN/Inf loss - skipping gradient step
  [WARNING] Batch 1363 produced NaN/Inf loss - skipping gradient step
  [WARNING] Batch 1366 produced NaN/Inf loss - skipping gradient step
  [WARNING] Batch 1368 produced NaN/Inf loss - skipping gradient step
  [WARNING] Batch 1369 produced NaN/Inf loss - skipping gradient step
  [WARNING] Batch 1372 produced NaN/Inf loss - skipping gradient step
  [WARNING] Batch 1373 produced NaN/Inf loss - skipping gradient step
  [WARNING] Batch 1374 produced NaN/Inf loss - skipping gradient step
  [WARNING] Batch 1378 produced NaN/Inf loss - skipping gradient step
  [WARNING] Batch 1380 produced NaN/Inf loss - skipping gradient step
  [WARNING] Batch 1381 produced NaN/Inf loss - skipping gradient step
  [WARNING] Batch 1382 produced NaN/Inf loss - skipping gradient step
  [WARNING] Batch 1383 produced NaN/Inf loss - skipping gradient step
  [WARNING] Batch 1384 produced NaN/Inf loss - skipping gradient step
  [WARNING] Batch 1387 produced NaN/Inf loss - skipping gradient step
  [WARNING] Batch 1388 produced NaN/Inf loss - skipping gradient step
  [WARNING] Batch 1392 produced NaN/Inf loss - skipping gradient step
  [WARNING] Batch 1394 produced NaN/Inf loss - skipping gradient step
  [WARNING] Batch 1397 produced NaN/Inf loss - skipping gradient step
  [WARNING] Batch 1398 produced NaN/Inf loss - skipping gradient step
  [WARNING] Batch 1400 produced NaN/Inf loss - skipping gradient step
  [WARNING] Batch 1402 produced NaN/Inf loss - skipping gradient step
  [WARNING] Batch 1405 produced NaN/Inf loss - skipping gradient step
  [WARNING] Batch 1406 produced NaN/Inf loss - skipping gradient step
  [WARNING] Batch 1412 produced NaN/Inf loss - skipping gradient step
  [WARNING] Batch 1413 produced NaN/Inf loss - skipping gradient step
  [WARNING] Batch 1414 produced NaN/Inf loss - skipping gradient step
  [WARNING] Batch 1416 produced NaN/Inf loss - skipping gradient step
  [WARNING] Batch 1418 produced NaN/Inf loss - skipping gradient step
  [WARNING] Batch 1419 produced NaN/Inf loss - skipping gradient step
  [WARNING] Batch 1421 produced NaN/Inf loss - skipping gradient step
  [WARNING] Batch 1423 produced NaN/Inf loss - skipping gradient step
  [WARNING] Batch 1424 produced NaN/Inf loss - skipping gradient step
  [WARNING] Batch 1425 produced NaN/Inf loss - skipping gradient step
  [WARNING] Batch 1426 produced NaN/Inf loss - skipping gradient step
  [WARNING] Batch 1427 produced NaN/Inf loss - skipping gradient step
  [WARNING] Batch 1428 produced NaN/Inf loss - skipping gradient step
  [WARNING] Batch 1429 produced NaN/Inf loss - skipping gradient step
  [WARNING] Batch 1432 produced NaN/Inf loss - skipping gradient step
  [WARNING] Batch 1434 produced NaN/Inf loss - skipping gradient step
  [WARNING] Batch 1435 produced NaN/Inf loss - skipping gradient step
  [WARNING] Batch 1437 produced NaN/Inf loss - skipping gradient step
  [WARNING] Batch 1438 produced NaN/Inf loss - skipping gradient step
  [WARNING] Batch 1440 produced NaN/Inf loss - skipping gradient step
  [WARNING] Batch 1441 produced NaN/Inf loss - skipping gradient step
  [WARNING] Batch 1442 produced NaN/Inf loss - skipping gradient step
  [WARNING] Batch 1443 produced NaN/Inf loss - skipping gradient step
  [WARNING] Batch 1445 produced NaN/Inf loss - skipping gradient step
  [WARNING] Batch 1446 produced NaN/Inf loss - skipping gradient step
  [WARNING] Batch 1447 produced NaN/Inf loss - skipping gradient step
  [WARNING] Batch 1448 produced NaN/Inf loss - skipping gradient step
  [WARNING] Batch 1450 produced NaN/Inf loss - skipping gradient step
  [WARNING] Batch 1455 produced NaN/Inf loss - skipping gradient step
  [WARNING] Batch 1457 produced NaN/Inf loss - skipping gradient step
  [WARNING] Batch 1460 produced NaN/Inf loss - skipping gradient step
  [WARNING] Batch 1462 produced NaN/Inf loss - skipping gradient step
  [WARNING] Batch 1463 produced NaN/Inf loss - skipping gradient step
  [WARNING] Batch 1464 produced NaN/Inf loss - skipping gradient step
  [WARNING] Batch 1467 produced NaN/Inf loss - skipping gradient step
  [WARNING] Batch 1468 produced NaN/Inf loss - skipping gradient step
  [WARNING] Batch 1469 produced NaN/Inf loss - skipping gradient step
  [WARNING] Batch 1471 produced NaN/Inf loss - skipping gradient step
  [WARNING] Batch 1472 produced NaN/Inf loss - skipping gradient step
  [WARNING] Batch 1474 produced NaN/Inf loss - skipping gradient step
  [WARNING] Batch 1476 produced NaN/Inf loss - skipping gradient step
  [WARNING] Batch 1478 produced NaN/Inf loss - skipping gradient step
  [WARNING] Batch 1479 produced NaN/Inf loss - skipping gradient step
  [WARNING] Batch 1481 produced NaN/Inf loss - skipping gradient step
  [WARNING] Batch 1482 produced NaN/Inf loss - skipping gradient step
  [WARNING] Batch 1483 produced NaN/Inf loss - skipping gradient step
  [WARNING] Batch 1485 produced NaN/Inf loss - skipping gradient step
  [WARNING] Batch 1486 produced NaN/Inf loss - skipping gradient step
  [WARNING] Batch 1487 produced NaN/Inf loss - skipping gradient step
  [WARNING] Batch 1488 produced NaN/Inf loss - skipping gradient step
  [WARNING] Batch 1490 produced NaN/Inf loss - skipping gradient step
  [WARNING] Batch 1493 produced NaN/Inf loss - skipping gradient step
  [WARNING] Batch 1494 produced NaN/Inf loss - skipping gradient step
  [WARNING] Batch 1495 produced NaN/Inf loss - skipping gradient step
  [WARNING] Batch 1498 produced NaN/Inf loss - skipping gradient step
  [WARNING] Batch 1499 produced NaN/Inf loss - skipping gradient step
  [Epoch 03/12] Batch 1500/1918 | Loss: 0.8090 | VRAM: 0.48 GB | LR: 5.00e-04
  [WARNING] Batch 1502 produced NaN/Inf loss - skipping gradient step
  [WARNING] Batch 1506 produced NaN/Inf loss - skipping gradient step
  [WARNING] Batch 1508 produced NaN/Inf loss - skipping gradient step
  [WARNING] Batch 1511 produced NaN/Inf loss - skipping gradient step
  [WARNING] Batch 1512 produced NaN/Inf loss - skipping gradient step
  [WARNING] Batch 1513 produced NaN/Inf loss - skipping gradient step
  [WARNING] Batch 1514 produced NaN/Inf loss - skipping gradient step
  [WARNING] Batch 1517 produced NaN/Inf loss - skipping gradient step
  [WARNING] Batch 1521 produced NaN/Inf loss - skipping gradient step
  [WARNING] Batch 1523 produced NaN/Inf loss - skipping gradient step
  [WARNING] Batch 1525 produced NaN/Inf loss - skipping gradient step
  [WARNING] Batch 1526 produced NaN/Inf loss - skipping gradient step
  [WARNING] Batch 1529 produced NaN/Inf loss - skipping gradient step
  [WARNING] Batch 1530 produced NaN/Inf loss - skipping gradient step
  [WARNING] Batch 1533 produced NaN/Inf loss - skipping gradient step
  [WARNING] Batch 1534 produced NaN/Inf loss - skipping gradient step
  [WARNING] Batch 1535 produced NaN/Inf loss - skipping gradient step
  [WARNING] Batch 1536 produced NaN/Inf loss - skipping gradient step
  [WARNING] Batch 1540 produced NaN/Inf loss - skipping gradient step
  [WARNING] Batch 1541 produced NaN/Inf loss - skipping gradient step
  [WARNING] Batch 1542 produced NaN/Inf loss - skipping gradient step
  [WARNING] Batch 1543 produced NaN/Inf loss - skipping gradient step
  [WARNING] Batch 1545 produced NaN/Inf loss - skipping gradient step
  [WARNING] Batch 1546 produced NaN/Inf loss - skipping gradient step
  [WARNING] Batch 1548 produced NaN/Inf loss - skipping gradient step
  [WARNING] Batch 1550 produced NaN/Inf loss - skipping gradient step
  [WARNING] Batch 1552 produced NaN/Inf loss - skipping gradient step
  [WARNING] Batch 1553 produced NaN/Inf loss - skipping gradient step
  [WARNING] Batch 1557 produced NaN/Inf loss - skipping gradient step
  [WARNING] Batch 1558 produced NaN/Inf loss - skipping gradient step
  [WARNING] Batch 1559 produced NaN/Inf loss - skipping gradient step
  [WARNING] Batch 1561 produced NaN/Inf loss - skipping gradient step
  [WARNING] Batch 1564 produced NaN/Inf loss - skipping gradient step
  [WARNING] Batch 1567 produced NaN/Inf loss - skipping gradient step
  [WARNING] Batch 1568 produced NaN/Inf loss - skipping gradient step
  [WARNING] Batch 1570 produced NaN/Inf loss - skipping gradient step
  [WARNING] Batch 1571 produced NaN/Inf loss - skipping gradient step
  [WARNING] Batch 1572 produced NaN/Inf loss - skipping gradient step
  [WARNING] Batch 1575 produced NaN/Inf loss - skipping gradient step
  [WARNING] Batch 1576 produced NaN/Inf loss - skipping gradient step
  [WARNING] Batch 1577 produced NaN/Inf loss - skipping gradient step
  [WARNING] Batch 1582 produced NaN/Inf loss - skipping gradient step
  [WARNING] Batch 1583 produced NaN/Inf loss - skipping gradient step
  [WARNING] Batch 1584 produced NaN/Inf loss - skipping gradient step
  [WARNING] Batch 1586 produced NaN/Inf loss - skipping gradient step
  [WARNING] Batch 1592 produced NaN/Inf loss - skipping gradient step
  [WARNING] Batch 1593 produced NaN/Inf loss - skipping gradient step
  [WARNING] Batch 1594 produced NaN/Inf loss - skipping gradient step
  [WARNING] Batch 1596 produced NaN/Inf loss - skipping gradient step
  [WARNING] Batch 1598 produced NaN/Inf loss - skipping gradient step
  [WARNING] Batch 1600 produced NaN/Inf loss - skipping gradient step
  [WARNING] Batch 1601 produced NaN/Inf loss - skipping gradient step
  [WARNING] Batch 1602 produced NaN/Inf loss - skipping gradient step
  [WARNING] Batch 1604 produced NaN/Inf loss - skipping gradient step
  [WARNING] Batch 1605 produced NaN/Inf loss - skipping gradient step
  [WARNING] Batch 1608 produced NaN/Inf loss - skipping gradient step
  [WARNING] Batch 1610 produced NaN/Inf loss - skipping gradient step
  [WARNING] Batch 1611 produced NaN/Inf loss - skipping gradient step
  [WARNING] Batch 1613 produced NaN/Inf loss - skipping gradient step
  [WARNING] Batch 1614 produced NaN/Inf loss - skipping gradient step
  [WARNING] Batch 1617 produced NaN/Inf loss - skipping gradient step
  [WARNING] Batch 1619 produced NaN/Inf loss - skipping gradient step
  [WARNING] Batch 1620 produced NaN/Inf loss - skipping gradient step
  [WARNING] Batch 1622 produced NaN/Inf loss - skipping gradient step
  [WARNING] Batch 1623 produced NaN/Inf loss - skipping gradient step
  [WARNING] Batch 1624 produced NaN/Inf loss - skipping gradient step
  [WARNING] Batch 1626 produced NaN/Inf loss - skipping gradient step
  [WARNING] Batch 1627 produced NaN/Inf loss - skipping gradient step
  [WARNING] Batch 1629 produced NaN/Inf loss - skipping gradient step
  [WARNING] Batch 1630 produced NaN/Inf loss - skipping gradient step
  [WARNING] Batch 1631 produced NaN/Inf loss - skipping gradient step
  [WARNING] Batch 1632 produced NaN/Inf loss - skipping gradient step
  [WARNING] Batch 1633 produced NaN/Inf loss - skipping gradient step
  [WARNING] Batch 1634 produced NaN/Inf loss - skipping gradient step
  [WARNING] Batch 1635 produced NaN/Inf loss - skipping gradient step
  [WARNING] Batch 1638 produced NaN/Inf loss - skipping gradient step
  [WARNING] Batch 1639 produced NaN/Inf loss - skipping gradient step
  [WARNING] Batch 1640 produced NaN/Inf loss - skipping gradient step
  [WARNING] Batch 1641 produced NaN/Inf loss - skipping gradient step
  [WARNING] Batch 1642 produced NaN/Inf loss - skipping gradient step
  [WARNING] Batch 1644 produced NaN/Inf loss - skipping gradient step
  [WARNING] Batch 1646 produced NaN/Inf loss - skipping gradient step
  [WARNING] Batch 1649 produced NaN/Inf loss - skipping gradient step
  [Epoch 03/12] Batch 1650/1918 | Loss: 0.8239 | VRAM: 0.48 GB | LR: 5.00e-04
  [WARNING] Batch 1654 produced NaN/Inf loss - skipping gradient step
  [WARNING] Batch 1655 produced NaN/Inf loss - skipping gradient step
  [WARNING] Batch 1661 produced NaN/Inf loss - skipping gradient step
  [WARNING] Batch 1662 produced NaN/Inf loss - skipping gradient step
  [WARNING] Batch 1663 produced NaN/Inf loss - skipping gradient step
  [WARNING] Batch 1665 produced NaN/Inf loss - skipping gradient step
  [WARNING] Batch 1667 produced NaN/Inf loss - skipping gradient step
  [WARNING] Batch 1668 produced NaN/Inf loss - skipping gradient step
  [WARNING] Batch 1669 produced NaN/Inf loss - skipping gradient step
  [WARNING] Batch 1670 produced NaN/Inf loss - skipping gradient step
  [WARNING] Batch 1671 produced NaN/Inf loss - skipping gradient step
  [WARNING] Batch 1672 produced NaN/Inf loss - skipping gradient step
  [WARNING] Batch 1673 produced NaN/Inf loss - skipping gradient step
  [WARNING] Batch 1677 produced NaN/Inf loss - skipping gradient step
  [WARNING] Batch 1678 produced NaN/Inf loss - skipping gradient step
  [WARNING] Batch 1681 produced NaN/Inf loss - skipping gradient step
  [WARNING] Batch 1682 produced NaN/Inf loss - skipping gradient step
  [WARNING] Batch 1683 produced NaN/Inf loss - skipping gradient step
  [WARNING] Batch 1685 produced NaN/Inf loss - skipping gradient step
  [WARNING] Batch 1687 produced NaN/Inf loss - skipping gradient step
  [WARNING] Batch 1688 produced NaN/Inf loss - skipping gradient step
  [WARNING] Batch 1689 produced NaN/Inf loss - skipping gradient step
  [WARNING] Batch 1692 produced NaN/Inf loss - skipping gradient step
  [WARNING] Batch 1693 produced NaN/Inf loss - skipping gradient step
  [WARNING] Batch 1696 produced NaN/Inf loss - skipping gradient step
  [WARNING] Batch 1697 produced NaN/Inf loss - skipping gradient step
  [WARNING] Batch 1698 produced NaN/Inf loss - skipping gradient step
  [WARNING] Batch 1699 produced NaN/Inf loss - skipping gradient step
  [WARNING] Batch 1700 produced NaN/Inf loss - skipping gradient step
  [WARNING] Batch 1702 produced NaN/Inf loss - skipping gradient step
  [WARNING] Batch 1703 produced NaN/Inf loss - skipping gradient step
  [WARNING] Batch 1705 produced NaN/Inf loss - skipping gradient step
  [WARNING] Batch 1706 produced NaN/Inf loss - skipping gradient step
  [WARNING] Batch 1711 produced NaN/Inf loss - skipping gradient step
  [WARNING] Batch 1713 produced NaN/Inf loss - skipping gradient step
  [WARNING] Batch 1714 produced NaN/Inf loss - skipping gradient step
  [WARNING] Batch 1715 produced NaN/Inf loss - skipping gradient step
  [WARNING] Batch 1718 produced NaN/Inf loss - skipping gradient step
  [WARNING] Batch 1719 produced NaN/Inf loss - skipping gradient step
  [WARNING] Batch 1720 produced NaN/Inf loss - skipping gradient step
  [WARNING] Batch 1721 produced NaN/Inf loss - skipping gradient step
  [WARNING] Batch 1723 produced NaN/Inf loss - skipping gradient step
  [WARNING] Batch 1724 produced NaN/Inf loss - skipping gradient step
  [WARNING] Batch 1725 produced NaN/Inf loss - skipping gradient step
  [WARNING] Batch 1726 produced NaN/Inf loss - skipping gradient step
  [WARNING] Batch 1728 produced NaN/Inf loss - skipping gradient step
  [WARNING] Batch 1730 produced NaN/Inf loss - skipping gradient step
  [WARNING] Batch 1731 produced NaN/Inf loss - skipping gradient step
  [WARNING] Batch 1733 produced NaN/Inf loss - skipping gradient step
  [WARNING] Batch 1734 produced NaN/Inf loss - skipping gradient step
  [WARNING] Batch 1735 produced NaN/Inf loss - skipping gradient step
  [WARNING] Batch 1737 produced NaN/Inf loss - skipping gradient step
  [WARNING] Batch 1739 produced NaN/Inf loss - skipping gradient step
  [WARNING] Batch 1741 produced NaN/Inf loss - skipping gradient step
  [WARNING] Batch 1742 produced NaN/Inf loss - skipping gradient step
  [WARNING] Batch 1743 produced NaN/Inf loss - skipping gradient step
  [WARNING] Batch 1744 produced NaN/Inf loss - skipping gradient step
  [WARNING] Batch 1746 produced NaN/Inf loss - skipping gradient step
  [WARNING] Batch 1748 produced NaN/Inf loss - skipping gradient step
  [WARNING] Batch 1749 produced NaN/Inf loss - skipping gradient step
  [WARNING] Batch 1750 produced NaN/Inf loss - skipping gradient step
  [WARNING] Batch 1751 produced NaN/Inf loss - skipping gradient step
  [WARNING] Batch 1753 produced NaN/Inf loss - skipping gradient step
  [WARNING] Batch 1754 produced NaN/Inf loss - skipping gradient step
  [WARNING] Batch 1756 produced NaN/Inf loss - skipping gradient step
  [WARNING] Batch 1761 produced NaN/Inf loss - skipping gradient step
  [WARNING] Batch 1762 produced NaN/Inf loss - skipping gradient step
  [WARNING] Batch 1763 produced NaN/Inf loss - skipping gradient step
  [WARNING] Batch 1764 produced NaN/Inf loss - skipping gradient step
  [WARNING] Batch 1765 produced NaN/Inf loss - skipping gradient step
  [WARNING] Batch 1766 produced NaN/Inf loss - skipping gradient step
  [WARNING] Batch 1767 produced NaN/Inf loss - skipping gradient step
  [WARNING] Batch 1768 produced NaN/Inf loss - skipping gradient step
  [WARNING] Batch 1769 produced NaN/Inf loss - skipping gradient step
  [WARNING] Batch 1770 produced NaN/Inf loss - skipping gradient step
  [WARNING] Batch 1771 produced NaN/Inf loss - skipping gradient step
  [WARNING] Batch 1772 produced NaN/Inf loss - skipping gradient step
  [WARNING] Batch 1773 produced NaN/Inf loss - skipping gradient step
  [WARNING] Batch 1775 produced NaN/Inf loss - skipping gradient step
  [WARNING] Batch 1776 produced NaN/Inf loss - skipping gradient step
  [WARNING] Batch 1784 produced NaN/Inf loss - skipping gradient step
  [WARNING] Batch 1785 produced NaN/Inf loss - skipping gradient step
  [WARNING] Batch 1788 produced NaN/Inf loss - skipping gradient step
  [WARNING] Batch 1789 produced NaN/Inf loss - skipping gradient step
  [WARNING] Batch 1790 produced NaN/Inf loss - skipping gradient step
  [WARNING] Batch 1794 produced NaN/Inf loss - skipping gradient step
  [WARNING] Batch 1796 produced NaN/Inf loss - skipping gradient step
  [WARNING] Batch 1797 produced NaN/Inf loss - skipping gradient step
  [WARNING] Batch 1799 produced NaN/Inf loss - skipping gradient step
  [Epoch 03/12] Batch 1800/1918 | Loss: 0.8294 | VRAM: 0.48 GB | LR: 5.00e-04
  [WARNING] Batch 1801 produced NaN/Inf loss - skipping gradient step
  [WARNING] Batch 1802 produced NaN/Inf loss - skipping gradient step
  [WARNING] Batch 1808 produced NaN/Inf loss - skipping gradient step
  [WARNING] Batch 1810 produced NaN/Inf loss - skipping gradient step
  [WARNING] Batch 1811 produced NaN/Inf loss - skipping gradient step
  [WARNING] Batch 1812 produced NaN/Inf loss - skipping gradient step
  [WARNING] Batch 1813 produced NaN/Inf loss - skipping gradient step
  [WARNING] Batch 1814 produced NaN/Inf loss - skipping gradient step
  [WARNING] Batch 1815 produced NaN/Inf loss - skipping gradient step
  [WARNING] Batch 1816 produced NaN/Inf loss - skipping gradient step
  [WARNING] Batch 1819 produced NaN/Inf loss - skipping gradient step
  [WARNING] Batch 1822 produced NaN/Inf loss - skipping gradient step
  [WARNING] Batch 1825 produced NaN/Inf loss - skipping gradient step
  [WARNING] Batch 1827 produced NaN/Inf loss - skipping gradient step
  [WARNING] Batch 1829 produced NaN/Inf loss - skipping gradient step
  [WARNING] Batch 1830 produced NaN/Inf loss - skipping gradient step
  [WARNING] Batch 1831 produced NaN/Inf loss - skipping gradient step
  [WARNING] Batch 1832 produced NaN/Inf loss - skipping gradient step
  [WARNING] Batch 1834 produced NaN/Inf loss - skipping gradient step
  [WARNING] Batch 1835 produced NaN/Inf loss - skipping gradient step
  [WARNING] Batch 1836 produced NaN/Inf loss - skipping gradient step
  [WARNING] Batch 1837 produced NaN/Inf loss - skipping gradient step
  [WARNING] Batch 1838 produced NaN/Inf loss - skipping gradient step
  [WARNING] Batch 1842 produced NaN/Inf loss - skipping gradient step
  [WARNING] Batch 1845 produced NaN/Inf loss - skipping gradient step
  [WARNING] Batch 1846 produced NaN/Inf loss - skipping gradient step
  [WARNING] Batch 1847 produced NaN/Inf loss - skipping gradient step
  [WARNING] Batch 1849 produced NaN/Inf loss - skipping gradient step
  [WARNING] Batch 1850 produced NaN/Inf loss - skipping gradient step
  [WARNING] Batch 1851 produced NaN/Inf loss - skipping gradient step
  [WARNING] Batch 1854 produced NaN/Inf loss - skipping gradient step
  [WARNING] Batch 1855 produced NaN/Inf loss - skipping gradient step
  [WARNING] Batch 1856 produced NaN/Inf loss - skipping gradient step
  [WARNING] Batch 1858 produced NaN/Inf loss - skipping gradient step
  [WARNING] Batch 1859 produced NaN/Inf loss - skipping gradient step
  [WARNING] Batch 1862 produced NaN/Inf loss - skipping gradient step
  [WARNING] Batch 1864 produced NaN/Inf loss - skipping gradient step
  [WARNING] Batch 1870 produced NaN/Inf loss - skipping gradient step
  [WARNING] Batch 1876 produced NaN/Inf loss - skipping gradient step
  [WARNING] Batch 1877 produced NaN/Inf loss - skipping gradient step
  [WARNING] Batch 1882 produced NaN/Inf loss - skipping gradient step
  [WARNING] Batch 1883 produced NaN/Inf loss - skipping gradient step
  [WARNING] Batch 1885 produced NaN/Inf loss - skipping gradient step
  [WARNING] Batch 1886 produced NaN/Inf loss - skipping gradient step
  [WARNING] Batch 1888 produced NaN/Inf loss - skipping gradient step
  [WARNING] Batch 1890 produced NaN/Inf loss - skipping gradient step
  [WARNING] Batch 1891 produced NaN/Inf loss - skipping gradient step
  [WARNING] Batch 1892 produced NaN/Inf loss - skipping gradient step
  [WARNING] Batch 1895 produced NaN/Inf loss - skipping gradient step
  [WARNING] Batch 1896 produced NaN/Inf loss - skipping gradient step
  [WARNING] Batch 1898 produced NaN/Inf loss - skipping gradient step
  [WARNING] Batch 1899 produced NaN/Inf loss - skipping gradient step
  [Epoch 03/12] Batch 1900/1918 | Loss: 0.8433 | VRAM: 0.48 GB | LR: 5.00e-04
  [WARNING] Batch 1903 produced NaN/Inf loss - skipping gradient step
  [WARNING] Batch 1908 produced NaN/Inf loss - skipping gradient step
  [WARNING] Batch 1909 produced NaN/Inf loss - skipping gradient step
  [WARNING] Batch 1910 produced NaN/Inf loss - skipping gradient step
  [WARNING] Batch 1911 produced NaN/Inf loss - skipping gradient step
  [WARNING] Batch 1914 produced NaN/Inf loss - skipping gradient step
  [WARNING] Batch 1915 produced NaN/Inf loss - skipping gradient step
  [Epoch 03/12] Batch 1918/1918 | Loss: 0.8467 | VRAM: 0.48 GB | LR: 5.00e-04

>>> [EPOCH 03/12] COMPLETE | Avg Loss: 0.8467 | Time: 21.5 min | LR: 4.88e-04
  ==> [SNAPSHOT] Saved epoch checkpoint to checkpoint_epoch_03.pth
  [WARNING] Batch 3 produced NaN/Inf loss - skipping gradient step
  [WARNING] Batch 4 produced NaN/Inf loss - skipping gradient step
  [WARNING] Batch 7 produced NaN/Inf loss - skipping gradient step
  [WARNING] Batch 8 produced NaN/Inf loss - skipping gradient step
  [WARNING] Batch 10 produced NaN/Inf loss - skipping gradient step
  [WARNING] Batch 11 produced NaN/Inf loss - skipping gradient step
  [WARNING] Batch 14 produced NaN/Inf loss - skipping gradient step
  [WARNING] Batch 17 produced NaN/Inf loss - skipping gradient step
  [WARNING] Batch 20 produced NaN/Inf loss - skipping gradient step
  [WARNING] Batch 21 produced NaN/Inf loss - skipping gradient step
  [WARNING] Batch 24 produced NaN/Inf loss - skipping gradient step
  [WARNING] Batch 26 produced NaN/Inf loss - skipping gradient step
  [WARNING] Batch 27 produced NaN/Inf loss - skipping gradient step
  [WARNING] Batch 28 produced NaN/Inf loss - skipping gradient step
  [WARNING] Batch 30 produced NaN/Inf loss - skipping gradient step
  [WARNING] Batch 31 produced NaN/Inf loss - skipping gradient step
  [WARNING] Batch 32 produced NaN/Inf loss - skipping gradient step
  [WARNING] Batch 33 produced NaN/Inf loss - skipping gradient step
  [WARNING] Batch 34 produced NaN/Inf loss - skipping gradient step
  [WARNING] Batch 35 produced NaN/Inf loss - skipping gradient step
  [WARNING] Batch 37 produced NaN/Inf loss - skipping gradient step
  [WARNING] Batch 39 produced NaN/Inf loss - skipping gradient step
  [WARNING] Batch 41 produced NaN/Inf loss - skipping gradient step
  [WARNING] Batch 42 produced NaN/Inf loss - skipping gradient step
  [WARNING] Batch 43 produced NaN/Inf loss - skipping gradient step
  [WARNING] Batch 44 produced NaN/Inf loss - skipping gradient step
  [WARNING] Batch 45 produced NaN/Inf loss - skipping gradient step
  [WARNING] Batch 47 produced NaN/Inf loss - skipping gradient step
  [WARNING] Batch 49 produced NaN/Inf loss - skipping gradient step
  [Epoch 04/12] Batch 0050/1918 | Loss: 0.9500 | VRAM: 0.48 GB | LR: 4.88e-04
  [WARNING] Batch 51 produced NaN/Inf loss - skipping gradient step
  [WARNING] Batch 53 produced NaN/Inf loss - skipping gradient step
  [WARNING] Batch 54 produced NaN/Inf loss - skipping gradient step
  [WARNING] Batch 55 produced NaN/Inf loss - skipping gradient step
  [WARNING] Batch 56 produced NaN/Inf loss - skipping gradient step
  [WARNING] Batch 57 produced NaN/Inf loss - skipping gradient step
  [WARNING] Batch 59 produced NaN/Inf loss - skipping gradient step
  [WARNING] Batch 61 produced NaN/Inf loss - skipping gradient step
  [WARNING] Batch 62 produced NaN/Inf loss - skipping gradient step
  [WARNING] Batch 63 produced NaN/Inf loss - skipping gradient step
  [WARNING] Batch 64 produced NaN/Inf loss - skipping gradient step
  [WARNING] Batch 68 produced NaN/Inf loss - skipping gradient step
  [WARNING] Batch 69 produced NaN/Inf loss - skipping gradient step
  [WARNING] Batch 74 produced NaN/Inf loss - skipping gradient step
  [WARNING] Batch 78 produced NaN/Inf loss - skipping gradient step
  [WARNING] Batch 79 produced NaN/Inf loss - skipping gradient step
  [WARNING] Batch 87 produced NaN/Inf loss - skipping gradient step
  [WARNING] Batch 88 produced NaN/Inf loss - skipping gradient step
  [WARNING] Batch 89 produced NaN/Inf loss - skipping gradient step
  [WARNING] Batch 90 produced NaN/Inf loss - skipping gradient step
  [WARNING] Batch 91 produced NaN/Inf loss - skipping gradient step
  [WARNING] Batch 100 produced NaN/Inf loss - skipping gradient step
  [WARNING] Batch 101 produced NaN/Inf loss - skipping gradient step
  [WARNING] Batch 104 produced NaN/Inf loss - skipping gradient step
  [WARNING] Batch 106 produced NaN/Inf loss - skipping gradient step
  [WARNING] Batch 108 produced NaN/Inf loss - skipping gradient step
  [WARNING] Batch 112 produced NaN/Inf loss - skipping gradient step
  [WARNING] Batch 113 produced NaN/Inf loss - skipping gradient step
  [WARNING] Batch 114 produced NaN/Inf loss - skipping gradient step
  [WARNING] Batch 118 produced NaN/Inf loss - skipping gradient step
  [WARNING] Batch 120 produced NaN/Inf loss - skipping gradient step
  [WARNING] Batch 121 produced NaN/Inf loss - skipping gradient step
  [WARNING] Batch 122 produced NaN/Inf loss - skipping gradient step
  [WARNING] Batch 125 produced NaN/Inf loss - skipping gradient step
  [WARNING] Batch 127 produced NaN/Inf loss - skipping gradient step
  [WARNING] Batch 128 produced NaN/Inf loss - skipping gradient step
  [WARNING] Batch 129 produced NaN/Inf loss - skipping gradient step
  [WARNING] Batch 131 produced NaN/Inf loss - skipping gradient step
  [WARNING] Batch 133 produced NaN/Inf loss - skipping gradient step
  [WARNING] Batch 135 produced NaN/Inf loss - skipping gradient step
  [WARNING] Batch 136 produced NaN/Inf loss - skipping gradient step
  [WARNING] Batch 138 produced NaN/Inf loss - skipping gradient step
  [WARNING] Batch 139 produced NaN/Inf loss - skipping gradient step
  [WARNING] Batch 140 produced NaN/Inf loss - skipping gradient step
  [WARNING] Batch 141 produced NaN/Inf loss - skipping gradient step
  [WARNING] Batch 144 produced NaN/Inf loss - skipping gradient step
  [WARNING] Batch 145 produced NaN/Inf loss - skipping gradient step
  [WARNING] Batch 146 produced NaN/Inf loss - skipping gradient step
  [WARNING] Batch 149 produced NaN/Inf loss - skipping gradient step
  [Epoch 04/12] Batch 0150/1918 | Loss: 1.0477 | VRAM: 0.48 GB | LR: 4.88e-04
  [WARNING] Batch 152 produced NaN/Inf loss - skipping gradient step
  [WARNING] Batch 157 produced NaN/Inf loss - skipping gradient step
  [WARNING] Batch 160 produced NaN/Inf loss - skipping gradient step
  [WARNING] Batch 164 produced NaN/Inf loss - skipping gradient step
  [WARNING] Batch 168 produced NaN/Inf loss - skipping gradient step
  [WARNING] Batch 171 produced NaN/Inf loss - skipping gradient step
  [WARNING] Batch 172 produced NaN/Inf loss - skipping gradient step
  [WARNING] Batch 173 produced NaN/Inf loss - skipping gradient step
  [WARNING] Batch 174 produced NaN/Inf loss - skipping gradient step
  [WARNING] Batch 175 produced NaN/Inf loss - skipping gradient step
  [WARNING] Batch 176 produced NaN/Inf loss - skipping gradient step
  [WARNING] Batch 179 produced NaN/Inf loss - skipping gradient step
  [WARNING] Batch 180 produced NaN/Inf loss - skipping gradient step
  [WARNING] Batch 181 produced NaN/Inf loss - skipping gradient step
  [WARNING] Batch 183 produced NaN/Inf loss - skipping gradient step
  [WARNING] Batch 184 produced NaN/Inf loss - skipping gradient step
  [WARNING] Batch 187 produced NaN/Inf loss - skipping gradient step
  [WARNING] Batch 189 produced NaN/Inf loss - skipping gradient step
  [WARNING] Batch 190 produced NaN/Inf loss - skipping gradient step
  [WARNING] Batch 191 produced NaN/Inf loss - skipping gradient step
  [WARNING] Batch 194 produced NaN/Inf loss - skipping gradient step
  [WARNING] Batch 195 produced NaN/Inf loss - skipping gradient step
  [WARNING] Batch 197 produced NaN/Inf loss - skipping gradient step
  [WARNING] Batch 198 produced NaN/Inf loss - skipping gradient step
  [WARNING] Batch 200 produced NaN/Inf loss - skipping gradient step
  [WARNING] Batch 201 produced NaN/Inf loss - skipping gradient step
  [WARNING] Batch 202 produced NaN/Inf loss - skipping gradient step
  [WARNING] Batch 203 produced NaN/Inf loss - skipping gradient step
  [WARNING] Batch 204 produced NaN/Inf loss - skipping gradient step
  [WARNING] Batch 208 produced NaN/Inf loss - skipping gradient step
  [WARNING] Batch 209 produced NaN/Inf loss - skipping gradient step
  [WARNING] Batch 210 produced NaN/Inf loss - skipping gradient step
  [WARNING] Batch 211 produced NaN/Inf loss - skipping gradient step
  [WARNING] Batch 213 produced NaN/Inf loss - skipping gradient step
  [WARNING] Batch 214 produced NaN/Inf loss - skipping gradient step
  [WARNING] Batch 215 produced NaN/Inf loss - skipping gradient step
  [WARNING] Batch 217 produced NaN/Inf loss - skipping gradient step
  [WARNING] Batch 218 produced NaN/Inf loss - skipping gradient step
  [WARNING] Batch 220 produced NaN/Inf loss - skipping gradient step
  [WARNING] Batch 222 produced NaN/Inf loss - skipping gradient step
  [WARNING] Batch 223 produced NaN/Inf loss - skipping gradient step
  [WARNING] Batch 226 produced NaN/Inf loss - skipping gradient step
  [WARNING] Batch 229 produced NaN/Inf loss - skipping gradient step
  [WARNING] Batch 231 produced NaN/Inf loss - skipping gradient step
  [WARNING] Batch 235 produced NaN/Inf loss - skipping gradient step
  [WARNING] Batch 236 produced NaN/Inf loss - skipping gradient step
  [WARNING] Batch 239 produced NaN/Inf loss - skipping gradient step
  [WARNING] Batch 241 produced NaN/Inf loss - skipping gradient step
  [WARNING] Batch 242 produced NaN/Inf loss - skipping gradient step
  [WARNING] Batch 247 produced NaN/Inf loss - skipping gradient step
  [WARNING] Batch 249 produced NaN/Inf loss - skipping gradient step
  [WARNING] Batch 250 produced NaN/Inf loss - skipping gradient step
  [WARNING] Batch 251 produced NaN/Inf loss - skipping gradient step
  [WARNING] Batch 253 produced NaN/Inf loss - skipping gradient step
  [WARNING] Batch 255 produced NaN/Inf loss - skipping gradient step
  [WARNING] Batch 258 produced NaN/Inf loss - skipping gradient step
  [WARNING] Batch 259 produced NaN/Inf loss - skipping gradient step
  [WARNING] Batch 264 produced NaN/Inf loss - skipping gradient step
  [WARNING] Batch 265 produced NaN/Inf loss - skipping gradient step
  [WARNING] Batch 266 produced NaN/Inf loss - skipping gradient step
  [WARNING] Batch 268 produced NaN/Inf loss - skipping gradient step
  [WARNING] Batch 270 produced NaN/Inf loss - skipping gradient step
  [WARNING] Batch 271 produced NaN/Inf loss - skipping gradient step
  [WARNING] Batch 277 produced NaN/Inf loss - skipping gradient step
  [WARNING] Batch 282 produced NaN/Inf loss - skipping gradient step
  [WARNING] Batch 284 produced NaN/Inf loss - skipping gradient step
  [WARNING] Batch 286 produced NaN/Inf loss - skipping gradient step
  [WARNING] Batch 290 produced NaN/Inf loss - skipping gradient step
  [WARNING] Batch 292 produced NaN/Inf loss - skipping gradient step
  [WARNING] Batch 293 produced NaN/Inf loss - skipping gradient step
  [WARNING] Batch 294 produced NaN/Inf loss - skipping gradient step
  [WARNING] Batch 295 produced NaN/Inf loss - skipping gradient step
  [WARNING] Batch 298 produced NaN/Inf loss - skipping gradient step
  [WARNING] Batch 300 produced NaN/Inf loss - skipping gradient step
  [WARNING] Batch 302 produced NaN/Inf loss - skipping gradient step
  [WARNING] Batch 304 produced NaN/Inf loss - skipping gradient step
  [WARNING] Batch 307 produced NaN/Inf loss - skipping gradient step
  [WARNING] Batch 314 produced NaN/Inf loss - skipping gradient step
  [WARNING] Batch 315 produced NaN/Inf loss - skipping gradient step
  [WARNING] Batch 317 produced NaN/Inf loss - skipping gradient step
  [WARNING] Batch 318 produced NaN/Inf loss - skipping gradient step
  [WARNING] Batch 319 produced NaN/Inf loss - skipping gradient step
  [WARNING] Batch 320 produced NaN/Inf loss - skipping gradient step
  [WARNING] Batch 321 produced NaN/Inf loss - skipping gradient step
  [WARNING] Batch 323 produced NaN/Inf loss - skipping gradient step
  [WARNING] Batch 327 produced NaN/Inf loss - skipping gradient step
  [WARNING] Batch 330 produced NaN/Inf loss - skipping gradient step
  [WARNING] Batch 333 produced NaN/Inf loss - skipping gradient step
  [WARNING] Batch 339 produced NaN/Inf loss - skipping gradient step
  [WARNING] Batch 342 produced NaN/Inf loss - skipping gradient step
  [WARNING] Batch 345 produced NaN/Inf loss - skipping gradient step
  [WARNING] Batch 347 produced NaN/Inf loss - skipping gradient step
  [WARNING] Batch 349 produced NaN/Inf loss - skipping gradient step
  [Epoch 04/12] Batch 0350/1918 | Loss: 1.1396 | VRAM: 0.48 GB | LR: 4.88e-04
  [WARNING] Batch 351 produced NaN/Inf loss - skipping gradient step
  [WARNING] Batch 352 produced NaN/Inf loss - skipping gradient step
  [WARNING] Batch 354 produced NaN/Inf loss - skipping gradient step
  [WARNING] Batch 355 produced NaN/Inf loss - skipping gradient step
  [WARNING] Batch 356 produced NaN/Inf loss - skipping gradient step
  [WARNING] Batch 362 produced NaN/Inf loss - skipping gradient step
  [WARNING] Batch 364 produced NaN/Inf loss - skipping gradient step
  [WARNING] Batch 370 produced NaN/Inf loss - skipping gradient step
  [WARNING] Batch 373 produced NaN/Inf loss - skipping gradient step
  [WARNING] Batch 375 produced NaN/Inf loss - skipping gradient step
  [WARNING] Batch 379 produced NaN/Inf loss - skipping gradient step
  [WARNING] Batch 381 produced NaN/Inf loss - skipping gradient step
  [WARNING] Batch 384 produced NaN/Inf loss - skipping gradient step
  [WARNING] Batch 385 produced NaN/Inf loss - skipping gradient step
  [WARNING] Batch 390 produced NaN/Inf loss - skipping gradient step
  [WARNING] Batch 392 produced NaN/Inf loss - skipping gradient step
  [WARNING] Batch 394 produced NaN/Inf loss - skipping gradient step
  [WARNING] Batch 397 produced NaN/Inf loss - skipping gradient step
  [WARNING] Batch 398 produced NaN/Inf loss - skipping gradient step
  [WARNING] Batch 400 produced NaN/Inf loss - skipping gradient step
  [WARNING] Batch 401 produced NaN/Inf loss - skipping gradient step
  [WARNING] Batch 402 produced NaN/Inf loss - skipping gradient step
  [WARNING] Batch 403 produced NaN/Inf loss - skipping gradient step
  [WARNING] Batch 404 produced NaN/Inf loss - skipping gradient step
  [WARNING] Batch 405 produced NaN/Inf loss - skipping gradient step
  [WARNING] Batch 408 produced NaN/Inf loss - skipping gradient step
  [WARNING] Batch 410 produced NaN/Inf loss - skipping gradient step
  [WARNING] Batch 411 produced NaN/Inf loss - skipping gradient step
  [WARNING] Batch 414 produced NaN/Inf loss - skipping gradient step
  [WARNING] Batch 420 produced NaN/Inf loss - skipping gradient step
  [WARNING] Batch 422 produced NaN/Inf loss - skipping gradient step
  [WARNING] Batch 424 produced NaN/Inf loss - skipping gradient step
  [WARNING] Batch 426 produced NaN/Inf loss - skipping gradient step
  [WARNING] Batch 427 produced NaN/Inf loss - skipping gradient step
  [WARNING] Batch 428 produced NaN/Inf loss - skipping gradient step
  [WARNING] Batch 429 produced NaN/Inf loss - skipping gradient step
  [WARNING] Batch 430 produced NaN/Inf loss - skipping gradient step
  [WARNING] Batch 432 produced NaN/Inf loss - skipping gradient step
  [WARNING] Batch 437 produced NaN/Inf loss - skipping gradient step
  [WARNING] Batch 439 produced NaN/Inf loss - skipping gradient step
  [WARNING] Batch 443 produced NaN/Inf loss - skipping gradient step
  [WARNING] Batch 444 produced NaN/Inf loss - skipping gradient step
  [WARNING] Batch 445 produced NaN/Inf loss - skipping gradient step
  [WARNING] Batch 447 produced NaN/Inf loss - skipping gradient step
  [WARNING] Batch 448 produced NaN/Inf loss - skipping gradient step
  [WARNING] Batch 449 produced NaN/Inf loss - skipping gradient step
  [Epoch 04/12] Batch 0450/1918 | Loss: 1.1591 | VRAM: 0.48 GB | LR: 4.88e-04
  [WARNING] Batch 453 produced NaN/Inf loss - skipping gradient step
  [WARNING] Batch 454 produced NaN/Inf loss - skipping gradient step
  [WARNING] Batch 455 produced NaN/Inf loss - skipping gradient step
  [WARNING] Batch 458 produced NaN/Inf loss - skipping gradient step
  [WARNING] Batch 459 produced NaN/Inf loss - skipping gradient step
  [WARNING] Batch 460 produced NaN/Inf loss - skipping gradient step
  [WARNING] Batch 462 produced NaN/Inf loss - skipping gradient step
  [WARNING] Batch 465 produced NaN/Inf loss - skipping gradient step
  [WARNING] Batch 466 produced NaN/Inf loss - skipping gradient step
  [WARNING] Batch 468 produced NaN/Inf loss - skipping gradient step
  [WARNING] Batch 469 produced NaN/Inf loss - skipping gradient step
  [WARNING] Batch 471 produced NaN/Inf loss - skipping gradient step
  [WARNING] Batch 473 produced NaN/Inf loss - skipping gradient step
  [WARNING] Batch 475 produced NaN/Inf loss - skipping gradient step
  [WARNING] Batch 478 produced NaN/Inf loss - skipping gradient step
  [WARNING] Batch 479 produced NaN/Inf loss - skipping gradient step
  [WARNING] Batch 480 produced NaN/Inf loss - skipping gradient step
  [WARNING] Batch 482 produced NaN/Inf loss - skipping gradient step
  [WARNING] Batch 483 produced NaN/Inf loss - skipping gradient step
  [WARNING] Batch 484 produced NaN/Inf loss - skipping gradient step
  [WARNING] Batch 485 produced NaN/Inf loss - skipping gradient step
  [WARNING] Batch 487 produced NaN/Inf loss - skipping gradient step
  [WARNING] Batch 488 produced NaN/Inf loss - skipping gradient step
  [WARNING] Batch 489 produced NaN/Inf loss - skipping gradient step
  [WARNING] Batch 490 produced NaN/Inf loss - skipping gradient step
  [WARNING] Batch 493 produced NaN/Inf loss - skipping gradient step
  [WARNING] Batch 494 produced NaN/Inf loss - skipping gradient step
  [WARNING] Batch 495 produced NaN/Inf loss - skipping gradient step
  [WARNING] Batch 496 produced NaN/Inf loss - skipping gradient step
  [WARNING] Batch 498 produced NaN/Inf loss - skipping gradient step
  [WARNING] Batch 499 produced NaN/Inf loss - skipping gradient step
  [WARNING] Batch 500 produced NaN/Inf loss - skipping gradient step
  [WARNING] Batch 501 produced NaN/Inf loss - skipping gradient step
  [WARNING] Batch 502 produced NaN/Inf loss - skipping gradient step
  [WARNING] Batch 503 produced NaN/Inf loss - skipping gradient step
  [WARNING] Batch 504 produced NaN/Inf loss - skipping gradient step
  [WARNING] Batch 505 produced NaN/Inf loss - skipping gradient step
  [WARNING] Batch 506 produced NaN/Inf loss - skipping gradient step
  [WARNING] Batch 507 produced NaN/Inf loss - skipping gradient step
  [WARNING] Batch 510 produced NaN/Inf loss - skipping gradient step
  [WARNING] Batch 514 produced NaN/Inf loss - skipping gradient step
  [WARNING] Batch 515 produced NaN/Inf loss - skipping gradient step
  [WARNING] Batch 521 produced NaN/Inf loss - skipping gradient step
  [WARNING] Batch 522 produced NaN/Inf loss - skipping gradient step
  [WARNING] Batch 523 produced NaN/Inf loss - skipping gradient step
  [WARNING] Batch 525 produced NaN/Inf loss - skipping gradient step
  [WARNING] Batch 526 produced NaN/Inf loss - skipping gradient step
  [WARNING] Batch 531 produced NaN/Inf loss - skipping gradient step
  [WARNING] Batch 533 produced NaN/Inf loss - skipping gradient step
  [WARNING] Batch 537 produced NaN/Inf loss - skipping gradient step
  [WARNING] Batch 540 produced NaN/Inf loss - skipping gradient step
  [WARNING] Batch 541 produced NaN/Inf loss - skipping gradient step
  [WARNING] Batch 542 produced NaN/Inf loss - skipping gradient step
  [WARNING] Batch 550 produced NaN/Inf loss - skipping gradient step
  [WARNING] Batch 551 produced NaN/Inf loss - skipping gradient step
  [WARNING] Batch 553 produced NaN/Inf loss - skipping gradient step
  [WARNING] Batch 554 produced NaN/Inf loss - skipping gradient step
  [WARNING] Batch 558 produced NaN/Inf loss - skipping gradient step
  [WARNING] Batch 559 produced NaN/Inf loss - skipping gradient step
  [WARNING] Batch 561 produced NaN/Inf loss - skipping gradient step
  [WARNING] Batch 563 produced NaN/Inf loss - skipping gradient step
  [WARNING] Batch 567 produced NaN/Inf loss - skipping gradient step
  [WARNING] Batch 569 produced NaN/Inf loss - skipping gradient step
  [WARNING] Batch 572 produced NaN/Inf loss - skipping gradient step
  [WARNING] Batch 573 produced NaN/Inf loss - skipping gradient step
  [WARNING] Batch 574 produced NaN/Inf loss - skipping gradient step
  [WARNING] Batch 575 produced NaN/Inf loss - skipping gradient step
  [WARNING] Batch 580 produced NaN/Inf loss - skipping gradient step
  [WARNING] Batch 581 produced NaN/Inf loss - skipping gradient step
  [WARNING] Batch 582 produced NaN/Inf loss - skipping gradient step
  [WARNING] Batch 589 produced NaN/Inf loss - skipping gradient step
  [WARNING] Batch 591 produced NaN/Inf loss - skipping gradient step
  [WARNING] Batch 592 produced NaN/Inf loss - skipping gradient step
  [WARNING] Batch 595 produced NaN/Inf loss - skipping gradient step
  [WARNING] Batch 596 produced NaN/Inf loss - skipping gradient step
  [Epoch 04/12] Batch 0600/1918 | Loss: 1.1511 | VRAM: 0.48 GB | LR: 4.88e-04
  [WARNING] Batch 601 produced NaN/Inf loss - skipping gradient step
  [WARNING] Batch 602 produced NaN/Inf loss - skipping gradient step
  [WARNING] Batch 606 produced NaN/Inf loss - skipping gradient step
  [WARNING] Batch 609 produced NaN/Inf loss - skipping gradient step
  [WARNING] Batch 610 produced NaN/Inf loss - skipping gradient step
  [WARNING] Batch 611 produced NaN/Inf loss - skipping gradient step
  [WARNING] Batch 614 produced NaN/Inf loss - skipping gradient step
  [WARNING] Batch 617 produced NaN/Inf loss - skipping gradient step
  [WARNING] Batch 619 produced NaN/Inf loss - skipping gradient step
  [WARNING] Batch 620 produced NaN/Inf loss - skipping gradient step
  [WARNING] Batch 623 produced NaN/Inf loss - skipping gradient step
  [WARNING] Batch 625 produced NaN/Inf loss - skipping gradient step
  [WARNING] Batch 626 produced NaN/Inf loss - skipping gradient step
  [WARNING] Batch 627 produced NaN/Inf loss - skipping gradient step
  [WARNING] Batch 628 produced NaN/Inf loss - skipping gradient step
  [WARNING] Batch 631 produced NaN/Inf loss - skipping gradient step
  [WARNING] Batch 633 produced NaN/Inf loss - skipping gradient step
  [WARNING] Batch 634 produced NaN/Inf loss - skipping gradient step
  [WARNING] Batch 638 produced NaN/Inf loss - skipping gradient step
  [WARNING] Batch 639 produced NaN/Inf loss - skipping gradient step
  [WARNING] Batch 640 produced NaN/Inf loss - skipping gradient step
  [WARNING] Batch 641 produced NaN/Inf loss - skipping gradient step
  [WARNING] Batch 643 produced NaN/Inf loss - skipping gradient step
  [WARNING] Batch 644 produced NaN/Inf loss - skipping gradient step
  [WARNING] Batch 648 produced NaN/Inf loss - skipping gradient step
  [WARNING] Batch 650 produced NaN/Inf loss - skipping gradient step
  [WARNING] Batch 657 produced NaN/Inf loss - skipping gradient step
  [WARNING] Batch 663 produced NaN/Inf loss - skipping gradient step
  [WARNING] Batch 665 produced NaN/Inf loss - skipping gradient step
  [WARNING] Batch 674 produced NaN/Inf loss - skipping gradient step
  [WARNING] Batch 675 produced NaN/Inf loss - skipping gradient step
  [WARNING] Batch 678 produced NaN/Inf loss - skipping gradient step
  [WARNING] Batch 681 produced NaN/Inf loss - skipping gradient step
  [WARNING] Batch 682 produced NaN/Inf loss - skipping gradient step
  [WARNING] Batch 686 produced NaN/Inf loss - skipping gradient step
  [WARNING] Batch 687 produced NaN/Inf loss - skipping gradient step
  [WARNING] Batch 690 produced NaN/Inf loss - skipping gradient step
  [WARNING] Batch 691 produced NaN/Inf loss - skipping gradient step
  [WARNING] Batch 692 produced NaN/Inf loss - skipping gradient step
  [WARNING] Batch 695 produced NaN/Inf loss - skipping gradient step
  [Epoch 04/12] Batch 0700/1918 | Loss: 1.1804 | VRAM: 0.48 GB | LR: 4.88e-04
  [WARNING] Batch 703 produced NaN/Inf loss - skipping gradient step
  [WARNING] Batch 706 produced NaN/Inf loss - skipping gradient step
  [WARNING] Batch 712 produced NaN/Inf loss - skipping gradient step
  [WARNING] Batch 714 produced NaN/Inf loss - skipping gradient step
  [WARNING] Batch 715 produced NaN/Inf loss - skipping gradient step
  [WARNING] Batch 717 produced NaN/Inf loss - skipping gradient step
  [WARNING] Batch 719 produced NaN/Inf loss - skipping gradient step
  [WARNING] Batch 720 produced NaN/Inf loss - skipping gradient step
  [WARNING] Batch 726 produced NaN/Inf loss - skipping gradient step
  [WARNING] Batch 730 produced NaN/Inf loss - skipping gradient step
  [WARNING] Batch 731 produced NaN/Inf loss - skipping gradient step
  [WARNING] Batch 732 produced NaN/Inf loss - skipping gradient step
  [WARNING] Batch 743 produced NaN/Inf loss - skipping gradient step
  [WARNING] Batch 744 produced NaN/Inf loss - skipping gradient step
  [WARNING] Batch 746 produced NaN/Inf loss - skipping gradient step
  [WARNING] Batch 747 produced NaN/Inf loss - skipping gradient step
  [WARNING] Batch 748 produced NaN/Inf loss - skipping gradient step
  [WARNING] Batch 749 produced NaN/Inf loss - skipping gradient step
  [Epoch 04/12] Batch 0750/1918 | Loss: 1.1954 | VRAM: 0.48 GB | LR: 4.88e-04
  [WARNING] Batch 751 produced NaN/Inf loss - skipping gradient step
  [WARNING] Batch 752 produced NaN/Inf loss - skipping gradient step
  [WARNING] Batch 754 produced NaN/Inf loss - skipping gradient step
  [WARNING] Batch 755 produced NaN/Inf loss - skipping gradient step
  [WARNING] Batch 756 produced NaN/Inf loss - skipping gradient step
  [WARNING] Batch 762 produced NaN/Inf loss - skipping gradient step
  [WARNING] Batch 765 produced NaN/Inf loss - skipping gradient step
  [WARNING] Batch 766 produced NaN/Inf loss - skipping gradient step
  [WARNING] Batch 767 produced NaN/Inf loss - skipping gradient step
  [WARNING] Batch 768 produced NaN/Inf loss - skipping gradient step
  [WARNING] Batch 769 produced NaN/Inf loss - skipping gradient step
  [WARNING] Batch 776 produced NaN/Inf loss - skipping gradient step
  [WARNING] Batch 777 produced NaN/Inf loss - skipping gradient step
  [WARNING] Batch 779 produced NaN/Inf loss - skipping gradient step
  [WARNING] Batch 781 produced NaN/Inf loss - skipping gradient step
  [WARNING] Batch 782 produced NaN/Inf loss - skipping gradient step
  [WARNING] Batch 784 produced NaN/Inf loss - skipping gradient step
  [WARNING] Batch 792 produced NaN/Inf loss - skipping gradient step
  [WARNING] Batch 794 produced NaN/Inf loss - skipping gradient step
  [WARNING] Batch 796 produced NaN/Inf loss - skipping gradient step
  [Epoch 04/12] Batch 0800/1918 | Loss: 1.2006 | VRAM: 0.48 GB | LR: 4.88e-04
  [WARNING] Batch 803 produced NaN/Inf loss - skipping gradient step
  [WARNING] Batch 806 produced NaN/Inf loss - skipping gradient step
  [WARNING] Batch 807 produced NaN/Inf loss - skipping gradient step
  [WARNING] Batch 808 produced NaN/Inf loss - skipping gradient step
  [WARNING] Batch 809 produced NaN/Inf loss - skipping gradient step
  [WARNING] Batch 814 produced NaN/Inf loss - skipping gradient step
  [WARNING] Batch 815 produced NaN/Inf loss - skipping gradient step
  [WARNING] Batch 817 produced NaN/Inf loss - skipping gradient step
  [WARNING] Batch 818 produced NaN/Inf loss - skipping gradient step
  [WARNING] Batch 819 produced NaN/Inf loss - skipping gradient step
  [WARNING] Batch 821 produced NaN/Inf loss - skipping gradient step
  [WARNING] Batch 823 produced NaN/Inf loss - skipping gradient step
  [WARNING] Batch 825 produced NaN/Inf loss - skipping gradient step
  [WARNING] Batch 828 produced NaN/Inf loss - skipping gradient step
  [WARNING] Batch 829 produced NaN/Inf loss - skipping gradient step
  [WARNING] Batch 831 produced NaN/Inf loss - skipping gradient step
  [WARNING] Batch 832 produced NaN/Inf loss - skipping gradient step
  [WARNING] Batch 835 produced NaN/Inf loss - skipping gradient step
  [WARNING] Batch 844 produced NaN/Inf loss - skipping gradient step
  [WARNING] Batch 846 produced NaN/Inf loss - skipping gradient step
  [WARNING] Batch 848 produced NaN/Inf loss - skipping gradient step
  [WARNING] Batch 849 produced NaN/Inf loss - skipping gradient step
  [WARNING] Batch 850 produced NaN/Inf loss - skipping gradient step
  [WARNING] Batch 854 produced NaN/Inf loss - skipping gradient step
  [WARNING] Batch 855 produced NaN/Inf loss - skipping gradient step
  [WARNING] Batch 856 produced NaN/Inf loss - skipping gradient step
  [WARNING] Batch 860 produced NaN/Inf loss - skipping gradient step
  [WARNING] Batch 862 produced NaN/Inf loss - skipping gradient step
  [WARNING] Batch 865 produced NaN/Inf loss - skipping gradient step
  [WARNING] Batch 868 produced NaN/Inf loss - skipping gradient step
  [WARNING] Batch 871 produced NaN/Inf loss - skipping gradient step
  [WARNING] Batch 879 produced NaN/Inf loss - skipping gradient step
  [WARNING] Batch 880 produced NaN/Inf loss - skipping gradient step
  [WARNING] Batch 881 produced NaN/Inf loss - skipping gradient step
  [WARNING] Batch 889 produced NaN/Inf loss - skipping gradient step
  [WARNING] Batch 891 produced NaN/Inf loss - skipping gradient step
  [WARNING] Batch 892 produced NaN/Inf loss - skipping gradient step
  [WARNING] Batch 894 produced NaN/Inf loss - skipping gradient step
  [WARNING] Batch 896 produced NaN/Inf loss - skipping gradient step
  [Epoch 04/12] Batch 0900/1918 | Loss: 1.2199 | VRAM: 0.48 GB | LR: 4.88e-04
  [WARNING] Batch 903 produced NaN/Inf loss - skipping gradient step
  [WARNING] Batch 904 produced NaN/Inf loss - skipping gradient step
  [WARNING] Batch 905 produced NaN/Inf loss - skipping gradient step
  [WARNING] Batch 906 produced NaN/Inf loss - skipping gradient step
  [WARNING] Batch 909 produced NaN/Inf loss - skipping gradient step
  [WARNING] Batch 914 produced NaN/Inf loss - skipping gradient step
  [WARNING] Batch 924 produced NaN/Inf loss - skipping gradient step
  [WARNING] Batch 927 produced NaN/Inf loss - skipping gradient step
  [WARNING] Batch 928 produced NaN/Inf loss - skipping gradient step
  [WARNING] Batch 931 produced NaN/Inf loss - skipping gradient step
  [WARNING] Batch 932 produced NaN/Inf loss - skipping gradient step
  [WARNING] Batch 934 produced NaN/Inf loss - skipping gradient step
  [WARNING] Batch 936 produced NaN/Inf loss - skipping gradient step
  [WARNING] Batch 938 produced NaN/Inf loss - skipping gradient step
  [WARNING] Batch 948 produced NaN/Inf loss - skipping gradient step
  [WARNING] Batch 950 produced NaN/Inf loss - skipping gradient step
  [WARNING] Batch 951 produced NaN/Inf loss - skipping gradient step
  [WARNING] Batch 953 produced NaN/Inf loss - skipping gradient step
  [WARNING] Batch 955 produced NaN/Inf loss - skipping gradient step
  [WARNING] Batch 956 produced NaN/Inf loss - skipping gradient step
  [WARNING] Batch 958 produced NaN/Inf loss - skipping gradient step
  [WARNING] Batch 960 produced NaN/Inf loss - skipping gradient step
  [WARNING] Batch 962 produced NaN/Inf loss - skipping gradient step
  [WARNING] Batch 964 produced NaN/Inf loss - skipping gradient step
  [WARNING] Batch 966 produced NaN/Inf loss - skipping gradient step
  [WARNING] Batch 967 produced NaN/Inf loss - skipping gradient step
  [WARNING] Batch 969 produced NaN/Inf loss - skipping gradient step
  [WARNING] Batch 970 produced NaN/Inf loss - skipping gradient step
  [WARNING] Batch 971 produced NaN/Inf loss - skipping gradient step
  [WARNING] Batch 973 produced NaN/Inf loss - skipping gradient step
  [WARNING] Batch 977 produced NaN/Inf loss - skipping gradient step
  [WARNING] Batch 978 produced NaN/Inf loss - skipping gradient step
  [WARNING] Batch 982 produced NaN/Inf loss - skipping gradient step
  [WARNING] Batch 983 produced NaN/Inf loss - skipping gradient step
  [WARNING] Batch 984 produced NaN/Inf loss - skipping gradient step
  [WARNING] Batch 985 produced NaN/Inf loss - skipping gradient step
  [WARNING] Batch 990 produced NaN/Inf loss - skipping gradient step
  [WARNING] Batch 992 produced NaN/Inf loss - skipping gradient step
  [WARNING] Batch 993 produced NaN/Inf loss - skipping gradient step
  [WARNING] Batch 997 produced NaN/Inf loss - skipping gradient step
  [WARNING] Batch 999 produced NaN/Inf loss - skipping gradient step
  [Epoch 04/12] Batch 1000/1918 | Loss: 1.2263 | VRAM: 0.48 GB | LR: 4.88e-04
  [WARNING] Batch 1001 produced NaN/Inf loss - skipping gradient step
  [WARNING] Batch 1004 produced NaN/Inf loss - skipping gradient step
  [WARNING] Batch 1009 produced NaN/Inf loss - skipping gradient step
  [WARNING] Batch 1011 produced NaN/Inf loss - skipping gradient step
  [WARNING] Batch 1012 produced NaN/Inf loss - skipping gradient step
  [WARNING] Batch 1013 produced NaN/Inf loss - skipping gradient step
  [WARNING] Batch 1017 produced NaN/Inf loss - skipping gradient step
  [WARNING] Batch 1018 produced NaN/Inf loss - skipping gradient step
  [WARNING] Batch 1024 produced NaN/Inf loss - skipping gradient step
  [WARNING] Batch 1029 produced NaN/Inf loss - skipping gradient step
  [WARNING] Batch 1030 produced NaN/Inf loss - skipping gradient step
  [WARNING] Batch 1031 produced NaN/Inf loss - skipping gradient step
  [WARNING] Batch 1032 produced NaN/Inf loss - skipping gradient step
  [WARNING] Batch 1033 produced NaN/Inf loss - skipping gradient step
  [WARNING] Batch 1036 produced NaN/Inf loss - skipping gradient step
  [WARNING] Batch 1037 produced NaN/Inf loss - skipping gradient step
  [WARNING] Batch 1046 produced NaN/Inf loss - skipping gradient step
  [WARNING] Batch 1047 produced NaN/Inf loss - skipping gradient step
  [WARNING] Batch 1050 produced NaN/Inf loss - skipping gradient step
  [WARNING] Batch 1052 produced NaN/Inf loss - skipping gradient step
  [WARNING] Batch 1056 produced NaN/Inf loss - skipping gradient step
  [WARNING] Batch 1064 produced NaN/Inf loss - skipping gradient step
  [WARNING] Batch 1071 produced NaN/Inf loss - skipping gradient step
  [WARNING] Batch 1074 produced NaN/Inf loss - skipping gradient step
  [WARNING] Batch 1075 produced NaN/Inf loss - skipping gradient step
  [WARNING] Batch 1085 produced NaN/Inf loss - skipping gradient step
  [WARNING] Batch 1086 produced NaN/Inf loss - skipping gradient step
  [WARNING] Batch 1088 produced NaN/Inf loss - skipping gradient step
  [WARNING] Batch 1092 produced NaN/Inf loss - skipping gradient step
  [WARNING] Batch 1096 produced NaN/Inf loss - skipping gradient step
  [WARNING] Batch 1098 produced NaN/Inf loss - skipping gradient step
  [WARNING] Batch 1099 produced NaN/Inf loss - skipping gradient step
  [Epoch 04/12] Batch 1100/1918 | Loss: 1.2531 | VRAM: 0.48 GB | LR: 4.88e-04
  [WARNING] Batch 1102 produced NaN/Inf loss - skipping gradient step
  [WARNING] Batch 1103 produced NaN/Inf loss - skipping gradient step
  [WARNING] Batch 1106 produced NaN/Inf loss - skipping gradient step
  [WARNING] Batch 1107 produced NaN/Inf loss - skipping gradient step
  [WARNING] Batch 1111 produced NaN/Inf loss - skipping gradient step
  [WARNING] Batch 1112 produced NaN/Inf loss - skipping gradient step
  [WARNING] Batch 1114 produced NaN/Inf loss - skipping gradient step
  [WARNING] Batch 1118 produced NaN/Inf loss - skipping gradient step
  [WARNING] Batch 1120 produced NaN/Inf loss - skipping gradient step
  [WARNING] Batch 1123 produced NaN/Inf loss - skipping gradient step
  [WARNING] Batch 1124 produced NaN/Inf loss - skipping gradient step
  [WARNING] Batch 1125 produced NaN/Inf loss - skipping gradient step
  [WARNING] Batch 1126 produced NaN/Inf loss - skipping gradient step
  [WARNING] Batch 1127 produced NaN/Inf loss - skipping gradient step
  [WARNING] Batch 1128 produced NaN/Inf loss - skipping gradient step
  [WARNING] Batch 1129 produced NaN/Inf loss - skipping gradient step
  [WARNING] Batch 1131 produced NaN/Inf loss - skipping gradient step
  [WARNING] Batch 1135 produced NaN/Inf loss - skipping gradient step
  [WARNING] Batch 1136 produced NaN/Inf loss - skipping gradient step
  [WARNING] Batch 1138 produced NaN/Inf loss - skipping gradient step
  [WARNING] Batch 1139 produced NaN/Inf loss - skipping gradient step
  [WARNING] Batch 1141 produced NaN/Inf loss - skipping gradient step
  [WARNING] Batch 1144 produced NaN/Inf loss - skipping gradient step
  [WARNING] Batch 1145 produced NaN/Inf loss - skipping gradient step
  [WARNING] Batch 1148 produced NaN/Inf loss - skipping gradient step
  [Epoch 04/12] Batch 1150/1918 | Loss: 1.2486 | VRAM: 0.48 GB | LR: 4.88e-04
  [WARNING] Batch 1153 produced NaN/Inf loss - skipping gradient step
  [WARNING] Batch 1156 produced NaN/Inf loss - skipping gradient step
  [WARNING] Batch 1160 produced NaN/Inf loss - skipping gradient step
  [WARNING] Batch 1161 produced NaN/Inf loss - skipping gradient step
  [WARNING] Batch 1163 produced NaN/Inf loss - skipping gradient step
  [WARNING] Batch 1164 produced NaN/Inf loss - skipping gradient step
  [WARNING] Batch 1165 produced NaN/Inf loss - skipping gradient step
  [WARNING] Batch 1167 produced NaN/Inf loss - skipping gradient step
  [WARNING] Batch 1171 produced NaN/Inf loss - skipping gradient step
  [WARNING] Batch 1173 produced NaN/Inf loss - skipping gradient step
  [WARNING] Batch 1174 produced NaN/Inf loss - skipping gradient step
  [WARNING] Batch 1181 produced NaN/Inf loss - skipping gradient step
  [WARNING] Batch 1182 produced NaN/Inf loss - skipping gradient step
  [WARNING] Batch 1188 produced NaN/Inf loss - skipping gradient step
  [WARNING] Batch 1189 produced NaN/Inf loss - skipping gradient step
  [WARNING] Batch 1199 produced NaN/Inf loss - skipping gradient step
  [Epoch 04/12] Batch 1200/1918 | Loss: 1.2578 | VRAM: 0.48 GB | LR: 4.88e-04
  [WARNING] Batch 1201 produced NaN/Inf loss - skipping gradient step
  [WARNING] Batch 1204 produced NaN/Inf loss - skipping gradient step
  [WARNING] Batch 1207 produced NaN/Inf loss - skipping gradient step
  [WARNING] Batch 1209 produced NaN/Inf loss - skipping gradient step
  [WARNING] Batch 1213 produced NaN/Inf loss - skipping gradient step
  [WARNING] Batch 1220 produced NaN/Inf loss - skipping gradient step
  [WARNING] Batch 1225 produced NaN/Inf loss - skipping gradient step
  [WARNING] Batch 1227 produced NaN/Inf loss - skipping gradient step
  [WARNING] Batch 1229 produced NaN/Inf loss - skipping gradient step
  [WARNING] Batch 1232 produced NaN/Inf loss - skipping gradient step
  [WARNING] Batch 1233 produced NaN/Inf loss - skipping gradient step
  [WARNING] Batch 1236 produced NaN/Inf loss - skipping gradient step
  [WARNING] Batch 1237 produced NaN/Inf loss - skipping gradient step
  [WARNING] Batch 1238 produced NaN/Inf loss - skipping gradient step
  [WARNING] Batch 1242 produced NaN/Inf loss - skipping gradient step
  [WARNING] Batch 1245 produced NaN/Inf loss - skipping gradient step
  [WARNING] Batch 1247 produced NaN/Inf loss - skipping gradient step
  [WARNING] Batch 1250 produced NaN/Inf loss - skipping gradient step
  [WARNING] Batch 1251 produced NaN/Inf loss - skipping gradient step
  [WARNING] Batch 1252 produced NaN/Inf loss - skipping gradient step
  [WARNING] Batch 1256 produced NaN/Inf loss - skipping gradient step
  [WARNING] Batch 1267 produced NaN/Inf loss - skipping gradient step
  [WARNING] Batch 1268 produced NaN/Inf loss - skipping gradient step
  [WARNING] Batch 1271 produced NaN/Inf loss - skipping gradient step
  [WARNING] Batch 1273 produced NaN/Inf loss - skipping gradient step
  [WARNING] Batch 1279 produced NaN/Inf loss - skipping gradient step
  [WARNING] Batch 1281 produced NaN/Inf loss - skipping gradient step
  [WARNING] Batch 1283 produced NaN/Inf loss - skipping gradient step
  [WARNING] Batch 1287 produced NaN/Inf loss - skipping gradient step
  [WARNING] Batch 1293 produced NaN/Inf loss - skipping gradient step
  [WARNING] Batch 1294 produced NaN/Inf loss - skipping gradient step
  [Epoch 04/12] Batch 1300/1918 | Loss: 1.2762 | VRAM: 0.48 GB | LR: 4.88e-04
  [WARNING] Batch 1306 produced NaN/Inf loss - skipping gradient step
  [WARNING] Batch 1309 produced NaN/Inf loss - skipping gradient step
  [WARNING] Batch 1310 produced NaN/Inf loss - skipping gradient step
  [WARNING] Batch 1314 produced NaN/Inf loss - skipping gradient step
  [WARNING] Batch 1315 produced NaN/Inf loss - skipping gradient step
  [WARNING] Batch 1317 produced NaN/Inf loss - skipping gradient step
  [WARNING] Batch 1321 produced NaN/Inf loss - skipping gradient step
  [WARNING] Batch 1323 produced NaN/Inf loss - skipping gradient step
  [WARNING] Batch 1324 produced NaN/Inf loss - skipping gradient step
  [WARNING] Batch 1326 produced NaN/Inf loss - skipping gradient step
  [WARNING] Batch 1327 produced NaN/Inf loss - skipping gradient step
  [WARNING] Batch 1328 produced NaN/Inf loss - skipping gradient step
  [WARNING] Batch 1332 produced NaN/Inf loss - skipping gradient step
  [WARNING] Batch 1333 produced NaN/Inf loss - skipping gradient step
  [WARNING] Batch 1336 produced NaN/Inf loss - skipping gradient step
  [WARNING] Batch 1339 produced NaN/Inf loss - skipping gradient step
  [Epoch 04/12] Batch 1350/1918 | Loss: 1.2859 | VRAM: 0.48 GB | LR: 4.88e-04
  [WARNING] Batch 1351 produced NaN/Inf loss - skipping gradient step
  [WARNING] Batch 1356 produced NaN/Inf loss - skipping gradient step
  [WARNING] Batch 1357 produced NaN/Inf loss - skipping gradient step
  [WARNING] Batch 1360 produced NaN/Inf loss - skipping gradient step
  [WARNING] Batch 1365 produced NaN/Inf loss - skipping gradient step
  [WARNING] Batch 1375 produced NaN/Inf loss - skipping gradient step
  [WARNING] Batch 1376 produced NaN/Inf loss - skipping gradient step
  [WARNING] Batch 1378 produced NaN/Inf loss - skipping gradient step
  [WARNING] Batch 1380 produced NaN/Inf loss - skipping gradient step
  [WARNING] Batch 1384 produced NaN/Inf loss - skipping gradient step
  [WARNING] Batch 1389 produced NaN/Inf loss - skipping gradient step
  [WARNING] Batch 1391 produced NaN/Inf loss - skipping gradient step
  [WARNING] Batch 1393 produced NaN/Inf loss - skipping gradient step
  [WARNING] Batch 1399 produced NaN/Inf loss - skipping gradient step
  [Epoch 04/12] Batch 1400/1918 | Loss: 1.2947 | VRAM: 0.48 GB | LR: 4.88e-04
  [WARNING] Batch 1401 produced NaN/Inf loss - skipping gradient step
  [WARNING] Batch 1403 produced NaN/Inf loss - skipping gradient step
  [WARNING] Batch 1415 produced NaN/Inf loss - skipping gradient step
  [WARNING] Batch 1417 produced NaN/Inf loss - skipping gradient step
  [WARNING] Batch 1419 produced NaN/Inf loss - skipping gradient step
  [WARNING] Batch 1425 produced NaN/Inf loss - skipping gradient step
  [WARNING] Batch 1426 produced NaN/Inf loss - skipping gradient step
  [WARNING] Batch 1430 produced NaN/Inf loss - skipping gradient step
  [WARNING] Batch 1435 produced NaN/Inf loss - skipping gradient step
  [WARNING] Batch 1447 produced NaN/Inf loss - skipping gradient step
  [Epoch 04/12] Batch 1450/1918 | Loss: 1.3113 | VRAM: 0.48 GB | LR: 4.88e-04
  [WARNING] Batch 1451 produced NaN/Inf loss - skipping gradient step
  [WARNING] Batch 1452 produced NaN/Inf loss - skipping gradient step
  [WARNING] Batch 1454 produced NaN/Inf loss - skipping gradient step
  [WARNING] Batch 1455 produced NaN/Inf loss - skipping gradient step
  [WARNING] Batch 1456 produced NaN/Inf loss - skipping gradient step
  [WARNING] Batch 1459 produced NaN/Inf loss - skipping gradient step
  [WARNING] Batch 1464 produced NaN/Inf loss - skipping gradient step
  [WARNING] Batch 1467 produced NaN/Inf loss - skipping gradient step
  [WARNING] Batch 1468 produced NaN/Inf loss - skipping gradient step
  [WARNING] Batch 1473 produced NaN/Inf loss - skipping gradient step
  [WARNING] Batch 1488 produced NaN/Inf loss - skipping gradient step
  [WARNING] Batch 1489 produced NaN/Inf loss - skipping gradient step
  [WARNING] Batch 1497 produced NaN/Inf loss - skipping gradient step
  [Epoch 04/12] Batch 1500/1918 | Loss: 1.3224 | VRAM: 0.48 GB | LR: 4.88e-04
  [WARNING] Batch 1504 produced NaN/Inf loss - skipping gradient step
  [WARNING] Batch 1509 produced NaN/Inf loss - skipping gradient step
  [WARNING] Batch 1516 produced NaN/Inf loss - skipping gradient step
  [WARNING] Batch 1517 produced NaN/Inf loss - skipping gradient step
  [WARNING] Batch 1523 produced NaN/Inf loss - skipping gradient step
  [WARNING] Batch 1531 produced NaN/Inf loss - skipping gradient step
  [WARNING] Batch 1535 produced NaN/Inf loss - skipping gradient step
  [WARNING] Batch 1539 produced NaN/Inf loss - skipping gradient step
  [WARNING] Batch 1540 produced NaN/Inf loss - skipping gradient step
  [WARNING] Batch 1541 produced NaN/Inf loss - skipping gradient step
  [WARNING] Batch 1542 produced NaN/Inf loss - skipping gradient step
  [WARNING] Batch 1548 produced NaN/Inf loss - skipping gradient step
  [Epoch 04/12] Batch 1550/1918 | Loss: 1.3358 | VRAM: 0.48 GB | LR: 4.88e-04
  [WARNING] Batch 1556 produced NaN/Inf loss - skipping gradient step
  [WARNING] Batch 1563 produced NaN/Inf loss - skipping gradient step
  [WARNING] Batch 1568 produced NaN/Inf loss - skipping gradient step
  [WARNING] Batch 1573 produced NaN/Inf loss - skipping gradient step
  [WARNING] Batch 1576 produced NaN/Inf loss - skipping gradient step
  [WARNING] Batch 1581 produced NaN/Inf loss - skipping gradient step
  [WARNING] Batch 1582 produced NaN/Inf loss - skipping gradient step
  [WARNING] Batch 1584 produced NaN/Inf loss - skipping gradient step
  [WARNING] Batch 1587 produced NaN/Inf loss - skipping gradient step
  [WARNING] Batch 1595 produced NaN/Inf loss - skipping gradient step
  [WARNING] Batch 1596 produced NaN/Inf loss - skipping gradient step
  [WARNING] Batch 1598 produced NaN/Inf loss - skipping gradient step
  [Epoch 04/12] Batch 1600/1918 | Loss: 1.3472 | VRAM: 0.48 GB | LR: 4.88e-04
  [WARNING] Batch 1608 produced NaN/Inf loss - skipping gradient step
  [WARNING] Batch 1610 produced NaN/Inf loss - skipping gradient step
  [WARNING] Batch 1612 produced NaN/Inf loss - skipping gradient step
  [WARNING] Batch 1613 produced NaN/Inf loss - skipping gradient step
  [WARNING] Batch 1614 produced NaN/Inf loss - skipping gradient step
  [WARNING] Batch 1620 produced NaN/Inf loss - skipping gradient step
  [WARNING] Batch 1624 produced NaN/Inf loss - skipping gradient step
  [WARNING] Batch 1625 produced NaN/Inf loss - skipping gradient step
  [WARNING] Batch 1627 produced NaN/Inf loss - skipping gradient step
  [WARNING] Batch 1630 produced NaN/Inf loss - skipping gradient step
  [WARNING] Batch 1645 produced NaN/Inf loss - skipping gradient step
  [WARNING] Batch 1648 produced NaN/Inf loss - skipping gradient step
  [WARNING] Batch 1649 produced NaN/Inf loss - skipping gradient step
  [Epoch 04/12] Batch 1650/1918 | Loss: 1.3565 | VRAM: 0.48 GB | LR: 4.88e-04
  [WARNING] Batch 1652 produced NaN/Inf loss - skipping gradient step
  [WARNING] Batch 1653 produced NaN/Inf loss - skipping gradient step
  [WARNING] Batch 1657 produced NaN/Inf loss - skipping gradient step
  [WARNING] Batch 1658 produced NaN/Inf loss - skipping gradient step
  [WARNING] Batch 1660 produced NaN/Inf loss - skipping gradient step
  [WARNING] Batch 1661 produced NaN/Inf loss - skipping gradient step
  [WARNING] Batch 1662 produced NaN/Inf loss - skipping gradient step
  [WARNING] Batch 1666 produced NaN/Inf loss - skipping gradient step
  [WARNING] Batch 1670 produced NaN/Inf loss - skipping gradient step
  [WARNING] Batch 1678 produced NaN/Inf loss - skipping gradient step
  [WARNING] Batch 1685 produced NaN/Inf loss - skipping gradient step
  [WARNING] Batch 1690 produced NaN/Inf loss - skipping gradient step
  [WARNING] Batch 1691 produced NaN/Inf loss - skipping gradient step
  [WARNING] Batch 1696 produced NaN/Inf loss - skipping gradient step
  [Epoch 04/12] Batch 1700/1918 | Loss: 1.3626 | VRAM: 0.48 GB | LR: 4.88e-04
  [WARNING] Batch 1702 produced NaN/Inf loss - skipping gradient step
  [WARNING] Batch 1703 produced NaN/Inf loss - skipping gradient step
  [WARNING] Batch 1704 produced NaN/Inf loss - skipping gradient step
  [WARNING] Batch 1705 produced NaN/Inf loss - skipping gradient step
  [WARNING] Batch 1707 produced NaN/Inf loss - skipping gradient step
  [WARNING] Batch 1710 produced NaN/Inf loss - skipping gradient step
  [WARNING] Batch 1717 produced NaN/Inf loss - skipping gradient step
  [WARNING] Batch 1718 produced NaN/Inf loss - skipping gradient step
  [WARNING] Batch 1719 produced NaN/Inf loss - skipping gradient step
  [WARNING] Batch 1721 produced NaN/Inf loss - skipping gradient step
  [WARNING] Batch 1722 produced NaN/Inf loss - skipping gradient step
  [WARNING] Batch 1724 produced NaN/Inf loss - skipping gradient step
  [WARNING] Batch 1728 produced NaN/Inf loss - skipping gradient step
  [Epoch 04/12] Batch 1750/1918 | Loss: 1.3691 | VRAM: 0.48 GB | LR: 4.88e-04
  [WARNING] Batch 1751 produced NaN/Inf loss - skipping gradient step
  [WARNING] Batch 1754 produced NaN/Inf loss - skipping gradient step
  [WARNING] Batch 1765 produced NaN/Inf loss - skipping gradient step
  [WARNING] Batch 1769 produced NaN/Inf loss - skipping gradient step
  [WARNING] Batch 1774 produced NaN/Inf loss - skipping gradient step
  [WARNING] Batch 1775 produced NaN/Inf loss - skipping gradient step
  [WARNING] Batch 1780 produced NaN/Inf loss - skipping gradient step
  [WARNING] Batch 1789 produced NaN/Inf loss - skipping gradient step
  [WARNING] Batch 1790 produced NaN/Inf loss - skipping gradient step
  [WARNING] Batch 1792 produced NaN/Inf loss - skipping gradient step
  [Epoch 04/12] Batch 1800/1918 | Loss: 1.3814 | VRAM: 0.48 GB | LR: 4.88e-04
  [WARNING] Batch 1805 produced NaN/Inf loss - skipping gradient step
  [WARNING] Batch 1812 produced NaN/Inf loss - skipping gradient step
  [WARNING] Batch 1817 produced NaN/Inf loss - skipping gradient step
  [WARNING] Batch 1829 produced NaN/Inf loss - skipping gradient step
  [WARNING] Batch 1833 produced NaN/Inf loss - skipping gradient step
  [WARNING] Batch 1834 produced NaN/Inf loss - skipping gradient step
  [WARNING] Batch 1835 produced NaN/Inf loss - skipping gradient step
  [WARNING] Batch 1841 produced NaN/Inf loss - skipping gradient step
  [WARNING] Batch 1844 produced NaN/Inf loss - skipping gradient step
  [Epoch 04/12] Batch 1850/1918 | Loss: 1.3922 | VRAM: 0.48 GB | LR: 4.88e-04
  [WARNING] Batch 1853 produced NaN/Inf loss - skipping gradient step
  [WARNING] Batch 1859 produced NaN/Inf loss - skipping gradient step
  [WARNING] Batch 1872 produced NaN/Inf loss - skipping gradient step
  [WARNING] Batch 1873 produced NaN/Inf loss - skipping gradient step
  [WARNING] Batch 1875 produced NaN/Inf loss - skipping gradient step
  [WARNING] Batch 1876 produced NaN/Inf loss - skipping gradient step
  [WARNING] Batch 1878 produced NaN/Inf loss - skipping gradient step
  [WARNING] Batch 1883 produced NaN/Inf loss - skipping gradient step
  [WARNING] Batch 1888 produced NaN/Inf loss - skipping gradient step
  [WARNING] Batch 1891 produced NaN/Inf loss - skipping gradient step
  [Epoch 04/12] Batch 1900/1918 | Loss: 1.4022 | VRAM: 0.48 GB | LR: 4.88e-04
  [WARNING] Batch 1903 produced NaN/Inf loss - skipping gradient step
  [WARNING] Batch 1904 produced NaN/Inf loss - skipping gradient step
  [WARNING] Batch 1906 produced NaN/Inf loss - skipping gradient step
  [WARNING] Batch 1908 produced NaN/Inf loss - skipping gradient step
  [WARNING] Batch 1910 produced NaN/Inf loss - skipping gradient step
  [WARNING] Batch 1914 produced NaN/Inf loss - skipping gradient step
  [WARNING] Batch 1917 produced NaN/Inf loss - skipping gradient step
  [WARNING] Batch 1918 produced NaN/Inf loss - skipping gradient step

>>> [EPOCH 04/12] COMPLETE | Avg Loss: 1.4008 | Time: 19.3 min | LR: 4.52e-04
  [WARNING] Batch 1 produced NaN/Inf loss - skipping gradient step
  [WARNING] Batch 9 produced NaN/Inf loss - skipping gradient step
  [WARNING] Batch 15 produced NaN/Inf loss - skipping gradient step
  [WARNING] Batch 19 produced NaN/Inf loss - skipping gradient step
  [WARNING] Batch 29 produced NaN/Inf loss - skipping gradient step
  [WARNING] Batch 36 produced NaN/Inf loss - skipping gradient step
  [WARNING] Batch 42 produced NaN/Inf loss - skipping gradient step
  [WARNING] Batch 43 produced NaN/Inf loss - skipping gradient step
  [WARNING] Batch 44 produced NaN/Inf loss - skipping gradient step
  [WARNING] Batch 48 produced NaN/Inf loss - skipping gradient step
  [Epoch 05/12] Batch 0050/1918 | Loss: 1.7899 | VRAM: 0.48 GB | LR: 4.52e-04
  [WARNING] Batch 51 produced NaN/Inf loss - skipping gradient step
  [WARNING] Batch 53 produced NaN/Inf loss - skipping gradient step
  [WARNING] Batch 54 produced NaN/Inf loss - skipping gradient step
  [WARNING] Batch 59 produced NaN/Inf loss - skipping gradient step
  [WARNING] Batch 63 produced NaN/Inf loss - skipping gradient step
  [WARNING] Batch 65 produced NaN/Inf loss - skipping gradient step
  [WARNING] Batch 72 produced NaN/Inf loss - skipping gradient step
  [WARNING] Batch 82 produced NaN/Inf loss - skipping gradient step
  [WARNING] Batch 83 produced NaN/Inf loss - skipping gradient step
  [WARNING] Batch 85 produced NaN/Inf loss - skipping gradient step
  [WARNING] Batch 87 produced NaN/Inf loss - skipping gradient step
  [WARNING] Batch 88 produced NaN/Inf loss - skipping gradient step
  [WARNING] Batch 91 produced NaN/Inf loss - skipping gradient step
  [WARNING] Batch 93 produced NaN/Inf loss - skipping gradient step
  [WARNING] Batch 95 produced NaN/Inf loss - skipping gradient step
  [WARNING] Batch 96 produced NaN/Inf loss - skipping gradient step
  [WARNING] Batch 98 produced NaN/Inf loss - skipping gradient step
  [WARNING] Batch 100 produced NaN/Inf loss - skipping gradient step
  [WARNING] Batch 101 produced NaN/Inf loss - skipping gradient step
  [WARNING] Batch 105 produced NaN/Inf loss - skipping gradient step
  [WARNING] Batch 114 produced NaN/Inf loss - skipping gradient step
  [WARNING] Batch 116 produced NaN/Inf loss - skipping gradient step
  [WARNING] Batch 119 produced NaN/Inf loss - skipping gradient step
  [WARNING] Batch 126 produced NaN/Inf loss - skipping gradient step
  [WARNING] Batch 128 produced NaN/Inf loss - skipping gradient step
  [WARNING] Batch 132 produced NaN/Inf loss - skipping gradient step
  [WARNING] Batch 133 produced NaN/Inf loss - skipping gradient step
  [WARNING] Batch 144 produced NaN/Inf loss - skipping gradient step
  [WARNING] Batch 148 produced NaN/Inf loss - skipping gradient step
  [Epoch 05/12] Batch 0150/1918 | Loss: 1.6423 | VRAM: 0.48 GB | LR: 4.52e-04
  [WARNING] Batch 161 produced NaN/Inf loss - skipping gradient step
  [WARNING] Batch 164 produced NaN/Inf loss - skipping gradient step
  [WARNING] Batch 171 produced NaN/Inf loss - skipping gradient step
  [WARNING] Batch 172 produced NaN/Inf loss - skipping gradient step
  [WARNING] Batch 183 produced NaN/Inf loss - skipping gradient step
  [WARNING] Batch 192 produced NaN/Inf loss - skipping gradient step
  [WARNING] Batch 198 produced NaN/Inf loss - skipping gradient step
  [Epoch 05/12] Batch 0200/1918 | Loss: 1.7037 | VRAM: 0.48 GB | LR: 4.52e-04
  [WARNING] Batch 202 produced NaN/Inf loss - skipping gradient step
  [WARNING] Batch 215 produced NaN/Inf loss - skipping gradient step
  [WARNING] Batch 228 produced NaN/Inf loss - skipping gradient step
  [WARNING] Batch 232 produced NaN/Inf loss - skipping gradient step
  [WARNING] Batch 239 produced NaN/Inf loss - skipping gradient step
  [WARNING] Batch 243 produced NaN/Inf loss - skipping gradient step
  [WARNING] Batch 250 produced NaN/Inf loss - skipping gradient step
  [WARNING] Batch 258 produced NaN/Inf loss - skipping gradient step
  [WARNING] Batch 259 produced NaN/Inf loss - skipping gradient step
  [WARNING] Batch 261 produced NaN/Inf loss - skipping gradient step
  [WARNING] Batch 272 produced NaN/Inf loss - skipping gradient step
  [WARNING] Batch 274 produced NaN/Inf loss - skipping gradient step
  [WARNING] Batch 285 produced NaN/Inf loss - skipping gradient step
  [WARNING] Batch 286 produced NaN/Inf loss - skipping gradient step
  [WARNING] Batch 288 produced NaN/Inf loss - skipping gradient step
  [Epoch 05/12] Batch 0300/1918 | Loss: 1.7534 | VRAM: 0.48 GB | LR: 4.52e-04
  [WARNING] Batch 309 produced NaN/Inf loss - skipping gradient step
  [WARNING] Batch 313 produced NaN/Inf loss - skipping gradient step
  [WARNING] Batch 315 produced NaN/Inf loss - skipping gradient step
  [WARNING] Batch 324 produced NaN/Inf loss - skipping gradient step
  [WARNING] Batch 326 produced NaN/Inf loss - skipping gradient step
  [WARNING] Batch 329 produced NaN/Inf loss - skipping gradient step
  [WARNING] Batch 332 produced NaN/Inf loss - skipping gradient step
  [WARNING] Batch 340 produced NaN/Inf loss - skipping gradient step
  [WARNING] Batch 347 produced NaN/Inf loss - skipping gradient step
  [WARNING] Batch 349 produced NaN/Inf loss - skipping gradient step
  [Epoch 05/12] Batch 0350/1918 | Loss: 1.7446 | VRAM: 0.48 GB | LR: 4.52e-04
  [WARNING] Batch 364 produced NaN/Inf loss - skipping gradient step
  [WARNING] Batch 369 produced NaN/Inf loss - skipping gradient step
  [WARNING] Batch 375 produced NaN/Inf loss - skipping gradient step
  [WARNING] Batch 378 produced NaN/Inf loss - skipping gradient step
  [WARNING] Batch 382 produced NaN/Inf loss - skipping gradient step
  [WARNING] Batch 394 produced NaN/Inf loss - skipping gradient step
  [WARNING] Batch 400 produced NaN/Inf loss - skipping gradient step
  [WARNING] Batch 404 produced NaN/Inf loss - skipping gradient step
  [WARNING] Batch 410 produced NaN/Inf loss - skipping gradient step
  [WARNING] Batch 417 produced NaN/Inf loss - skipping gradient step
  [WARNING] Batch 421 produced NaN/Inf loss - skipping gradient step
  [WARNING] Batch 435 produced NaN/Inf loss - skipping gradient step
  [WARNING] Batch 441 produced NaN/Inf loss - skipping gradient step
  [WARNING] Batch 444 produced NaN/Inf loss - skipping gradient step
  [Epoch 05/12] Batch 0450/1918 | Loss: 1.7774 | VRAM: 0.48 GB | LR: 4.52e-04
  [WARNING] Batch 453 produced NaN/Inf loss - skipping gradient step
  [WARNING] Batch 456 produced NaN/Inf loss - skipping gradient step
  [WARNING] Batch 457 produced NaN/Inf loss - skipping gradient step
  [WARNING] Batch 460 produced NaN/Inf loss - skipping gradient step
  [WARNING] Batch 461 produced NaN/Inf loss - skipping gradient step
  [WARNING] Batch 470 produced NaN/Inf loss - skipping gradient step
  [WARNING] Batch 483 produced NaN/Inf loss - skipping gradient step
  [WARNING] Batch 486 produced NaN/Inf loss - skipping gradient step
  [WARNING] Batch 492 produced NaN/Inf loss - skipping gradient step
  [WARNING] Batch 493 produced NaN/Inf loss - skipping gradient step
  [WARNING] Batch 500 produced NaN/Inf loss - skipping gradient step
  [WARNING] Batch 520 produced NaN/Inf loss - skipping gradient step
  [WARNING] Batch 529 produced NaN/Inf loss - skipping gradient step
  [WARNING] Batch 536 produced NaN/Inf loss - skipping gradient step
  [WARNING] Batch 542 produced NaN/Inf loss - skipping gradient step
  [WARNING] Batch 543 produced NaN/Inf loss - skipping gradient step
  [Epoch 05/12] Batch 0550/1918 | Loss: 1.7895 | VRAM: 0.48 GB | LR: 4.52e-04
  [WARNING] Batch 553 produced NaN/Inf loss - skipping gradient step
  [WARNING] Batch 556 produced NaN/Inf loss - skipping gradient step
  [WARNING] Batch 569 produced NaN/Inf loss - skipping gradient step
  [WARNING] Batch 585 produced NaN/Inf loss - skipping gradient step
  [WARNING] Batch 600 produced NaN/Inf loss - skipping gradient step
  [WARNING] Batch 603 produced NaN/Inf loss - skipping gradient step
  [WARNING] Batch 604 produced NaN/Inf loss - skipping gradient step
  [WARNING] Batch 608 produced NaN/Inf loss - skipping gradient step
  [WARNING] Batch 609 produced NaN/Inf loss - skipping gradient step
  [WARNING] Batch 614 produced NaN/Inf loss - skipping gradient step
  [WARNING] Batch 616 produced NaN/Inf loss - skipping gradient step
  [WARNING] Batch 618 produced NaN/Inf loss - skipping gradient step
  [WARNING] Batch 629 produced NaN/Inf loss - skipping gradient step
  [WARNING] Batch 643 produced NaN/Inf loss - skipping gradient step
  [WARNING] Batch 648 produced NaN/Inf loss - skipping gradient step
  [Epoch 05/12] Batch 0650/1918 | Loss: 1.7991 | VRAM: 0.48 GB | LR: 4.52e-04
  [WARNING] Batch 661 produced NaN/Inf loss - skipping gradient step
  [WARNING] Batch 668 produced NaN/Inf loss - skipping gradient step
  [WARNING] Batch 676 produced NaN/Inf loss - skipping gradient step
  [WARNING] Batch 679 produced NaN/Inf loss - skipping gradient step
  [WARNING] Batch 681 produced NaN/Inf loss - skipping gradient step
  [WARNING] Batch 689 produced NaN/Inf loss - skipping gradient step
  [WARNING] Batch 691 produced NaN/Inf loss - skipping gradient step
  [WARNING] Batch 692 produced NaN/Inf loss - skipping gradient step
  [WARNING] Batch 694 produced NaN/Inf loss - skipping gradient step
  [Epoch 05/12] Batch 0700/1918 | Loss: 1.7951 | VRAM: 0.48 GB | LR: 4.52e-04
  [WARNING] Batch 714 produced NaN/Inf loss - skipping gradient step
  [WARNING] Batch 715 produced NaN/Inf loss - skipping gradient step
  [WARNING] Batch 724 produced NaN/Inf loss - skipping gradient step
  [WARNING] Batch 731 produced NaN/Inf loss - skipping gradient step
  [WARNING] Batch 747 produced NaN/Inf loss - skipping gradient step
  [Epoch 05/12] Batch 0750/1918 | Loss: 1.8105 | VRAM: 0.48 GB | LR: 4.52e-04
  [WARNING] Batch 754 produced NaN/Inf loss - skipping gradient step
  [WARNING] Batch 759 produced NaN/Inf loss - skipping gradient step
  [WARNING] Batch 772 produced NaN/Inf loss - skipping gradient step
  [WARNING] Batch 784 produced NaN/Inf loss - skipping gradient step
  [WARNING] Batch 785 produced NaN/Inf loss - skipping gradient step
  [WARNING] Batch 791 produced NaN/Inf loss - skipping gradient step
  [WARNING] Batch 799 produced NaN/Inf loss - skipping gradient step
  [Epoch 05/12] Batch 0800/1918 | Loss: 1.8207 | VRAM: 0.48 GB | LR: 4.52e-04
  [WARNING] Batch 804 produced NaN/Inf loss - skipping gradient step
  [WARNING] Batch 822 produced NaN/Inf loss - skipping gradient step
  [WARNING] Batch 840 produced NaN/Inf loss - skipping gradient step
  [WARNING] Batch 849 produced NaN/Inf loss - skipping gradient step
  [Epoch 05/12] Batch 0850/1918 | Loss: 1.8293 | VRAM: 0.48 GB | LR: 4.52e-04
  [WARNING] Batch 862 produced NaN/Inf loss - skipping gradient step
  [WARNING] Batch 863 produced NaN/Inf loss - skipping gradient step
  [WARNING] Batch 865 produced NaN/Inf loss - skipping gradient step
  [WARNING] Batch 877 produced NaN/Inf loss - skipping gradient step
  [WARNING] Batch 879 produced NaN/Inf loss - skipping gradient step
  [WARNING] Batch 881 produced NaN/Inf loss - skipping gradient step
  [WARNING] Batch 888 produced NaN/Inf loss - skipping gradient step
  [WARNING] Batch 894 produced NaN/Inf loss - skipping gradient step
  [WARNING] Batch 898 produced NaN/Inf loss - skipping gradient step
  [Epoch 05/12] Batch 0900/1918 | Loss: 1.8287 | VRAM: 0.48 GB | LR: 4.52e-04
  [WARNING] Batch 917 produced NaN/Inf loss - skipping gradient step
  [WARNING] Batch 919 produced NaN/Inf loss - skipping gradient step
  [WARNING] Batch 939 produced NaN/Inf loss - skipping gradient step
  [WARNING] Batch 940 produced NaN/Inf loss - skipping gradient step
  [WARNING] Batch 946 produced NaN/Inf loss - skipping gradient step
  [Epoch 05/12] Batch 0950/1918 | Loss: 1.8298 | VRAM: 0.48 GB | LR: 4.52e-04
  [WARNING] Batch 960 produced NaN/Inf loss - skipping gradient step
  [WARNING] Batch 962 produced NaN/Inf loss - skipping gradient step
  [WARNING] Batch 966 produced NaN/Inf loss - skipping gradient step
  [Epoch 05/12] Batch 1000/1918 | Loss: 1.8424 | VRAM: 0.48 GB | LR: 4.52e-04
  [WARNING] Batch 1026 produced NaN/Inf loss - skipping gradient step
  [WARNING] Batch 1031 produced NaN/Inf loss - skipping gradient step
  [WARNING] Batch 1032 produced NaN/Inf loss - skipping gradient step
  [WARNING] Batch 1040 produced NaN/Inf loss - skipping gradient step
  [WARNING] Batch 1042 produced NaN/Inf loss - skipping gradient step
  [Epoch 05/12] Batch 1050/1918 | Loss: 1.8462 | VRAM: 0.48 GB | LR: 4.52e-04
  [WARNING] Batch 1057 produced NaN/Inf loss - skipping gradient step
  [WARNING] Batch 1058 produced NaN/Inf loss - skipping gradient step
  [WARNING] Batch 1097 produced NaN/Inf loss - skipping gradient step
  [WARNING] Batch 1099 produced NaN/Inf loss - skipping gradient step
  [Epoch 05/12] Batch 1100/1918 | Loss: 1.8570 | VRAM: 0.48 GB | LR: 4.52e-04
  [WARNING] Batch 1102 produced NaN/Inf loss - skipping gradient step
  [WARNING] Batch 1112 produced NaN/Inf loss - skipping gradient step
  [WARNING] Batch 1129 produced NaN/Inf loss - skipping gradient step
  [Epoch 05/12] Batch 1150/1918 | Loss: 1.8638 | VRAM: 0.48 GB | LR: 4.52e-04
  [WARNING] Batch 1184 produced NaN/Inf loss - skipping gradient step
  [Epoch 05/12] Batch 1200/1918 | Loss: 1.8758 | VRAM: 0.48 GB | LR: 4.52e-04
  [WARNING] Batch 1201 produced NaN/Inf loss - skipping gradient step
  [WARNING] Batch 1210 produced NaN/Inf loss - skipping gradient step
  [WARNING] Batch 1249 produced NaN/Inf loss - skipping gradient step
  [Epoch 05/12] Batch 1250/1918 | Loss: 1.8819 | VRAM: 0.48 GB | LR: 4.52e-04
  [WARNING] Batch 1265 produced NaN/Inf loss - skipping gradient step
  [WARNING] Batch 1284 produced NaN/Inf loss - skipping gradient step
  [WARNING] Batch 1300 produced NaN/Inf loss - skipping gradient step
  [WARNING] Batch 1310 produced NaN/Inf loss - skipping gradient step
  [WARNING] Batch 1311 produced NaN/Inf loss - skipping gradient step
  [WARNING] Batch 1332 produced NaN/Inf loss - skipping gradient step
  [WARNING] Batch 1337 produced NaN/Inf loss - skipping gradient step
  [WARNING] Batch 1350 produced NaN/Inf loss - skipping gradient step
  [WARNING] Batch 1351 produced NaN/Inf loss - skipping gradient step
  [WARNING] Batch 1356 produced NaN/Inf loss - skipping gradient step
  [Epoch 05/12] Batch 1400/1918 | Loss: 1.8956 | VRAM: 0.48 GB | LR: 4.52e-04
  [WARNING] Batch 1436 produced NaN/Inf loss - skipping gradient step
  [Epoch 05/12] Batch 1450/1918 | Loss: 1.9031 | VRAM: 0.48 GB | LR: 4.52e-04
  [WARNING] Batch 1487 produced NaN/Inf loss - skipping gradient step
  [WARNING] Batch 1499 produced NaN/Inf loss - skipping gradient step
  [Epoch 05/12] Batch 1500/1918 | Loss: 1.9076 | VRAM: 0.48 GB | LR: 4.52e-04
  [Epoch 05/12] Batch 1550/1918 | Loss: 1.9173 | VRAM: 0.48 GB | LR: 4.52e-04
  [WARNING] Batch 1598 produced NaN/Inf loss - skipping gradient step
  [Epoch 05/12] Batch 1600/1918 | Loss: 1.9260 | VRAM: 0.48 GB | LR: 4.52e-04
  [WARNING] Batch 1620 produced NaN/Inf loss - skipping gradient step
  [WARNING] Batch 1649 produced NaN/Inf loss - skipping gradient step
  [Epoch 05/12] Batch 1650/1918 | Loss: 1.9287 | VRAM: 0.48 GB | LR: 4.52e-04
  [WARNING] Batch 1674 produced NaN/Inf loss - skipping gradient step
  [Epoch 05/12] Batch 1700/1918 | Loss: 1.9328 | VRAM: 0.48 GB | LR: 4.52e-04
  [Epoch 05/12] Batch 1750/1918 | Loss: 1.9402 | VRAM: 0.48 GB | LR: 4.52e-04
  [WARNING] Batch 1752 produced NaN/Inf loss - skipping gradient step
  [WARNING] Batch 1773 produced NaN/Inf loss - skipping gradient step
  [Epoch 05/12] Batch 1800/1918 | Loss: 1.9447 | VRAM: 0.48 GB | LR: 4.52e-04
  [Epoch 05/12] Batch 1850/1918 | Loss: 1.9519 | VRAM: 0.48 GB | LR: 4.52e-04
  [Epoch 05/12] Batch 1900/1918 | Loss: 1.9588 | VRAM: 0.48 GB | LR: 4.52e-04
  [Epoch 05/12] Batch 1918/1918 | Loss: 1.9618 | VRAM: 0.48 GB | LR: 4.52e-04

>>> [EPOCH 05/12] COMPLETE | Avg Loss: 1.9618 | Time: 22.4 min | LR: 3.97e-04
  [Epoch 06/12] Batch 0050/1918 | Loss: 2.1429 | VRAM: 0.48 GB | LR: 3.97e-04
  [WARNING] Batch 76 produced NaN/Inf loss - skipping gradient step
  [Epoch 06/12] Batch 0100/1918 | Loss: 2.1140 | VRAM: 0.48 GB | LR: 3.97e-04
  [WARNING] Batch 132 produced NaN/Inf loss - skipping gradient step
  [Epoch 06/12] Batch 0150/1918 | Loss: 2.0831 | VRAM: 0.48 GB | LR: 3.97e-04
  [Epoch 06/12] Batch 0200/1918 | Loss: 2.0920 | VRAM: 0.48 GB | LR: 3.97e-04
  [Epoch 06/12] Batch 0250/1918 | Loss: 2.0945 | VRAM: 0.48 GB | LR: 3.97e-04
  [WARNING] Batch 279 produced NaN/Inf loss - skipping gradient step
  [Epoch 06/12] Batch 0300/1918 | Loss: 2.0958 | VRAM: 0.48 GB | LR: 3.97e-04
  [Epoch 06/12] Batch 0350/1918 | Loss: 2.1168 | VRAM: 0.48 GB | LR: 3.97e-04
  [WARNING] Batch 375 produced NaN/Inf loss - skipping gradient step
  [Epoch 06/12] Batch 0400/1918 | Loss: 2.1245 | VRAM: 0.48 GB | LR: 3.97e-04
  [WARNING] Batch 439 produced NaN/Inf loss - skipping gradient step
  [Epoch 06/12] Batch 0450/1918 | Loss: 2.1208 | VRAM: 0.48 GB | LR: 3.97e-04
  [Epoch 06/12] Batch 0500/1918 | Loss: 2.1292 | VRAM: 0.48 GB | LR: 3.97e-04
  [WARNING] Batch 520 produced NaN/Inf loss - skipping gradient step
  [WARNING] Batch 525 produced NaN/Inf loss - skipping gradient step
  [Epoch 06/12] Batch 0550/1918 | Loss: 2.1226 | VRAM: 0.48 GB | LR: 3.97e-04
  [Epoch 06/12] Batch 0600/1918 | Loss: 2.1234 | VRAM: 0.48 GB | LR: 3.97e-04
  [Epoch 06/12] Batch 0650/1918 | Loss: 2.1280 | VRAM: 0.48 GB | LR: 3.97e-04
  [Epoch 06/12] Batch 0700/1918 | Loss: 2.1337 | VRAM: 0.48 GB | LR: 3.97e-04
  [Epoch 06/12] Batch 0750/1918 | Loss: 2.1364 | VRAM: 0.48 GB | LR: 3.97e-04
  [Epoch 06/12] Batch 0800/1918 | Loss: 2.1381 | VRAM: 0.48 GB | LR: 3.97e-04
  [Epoch 06/12] Batch 0850/1918 | Loss: 2.1364 | VRAM: 0.48 GB | LR: 3.97e-04
  [Epoch 06/12] Batch 0900/1918 | Loss: 2.1404 | VRAM: 0.48 GB | LR: 3.97e-04
  [Epoch 06/12] Batch 0950/1918 | Loss: 2.1362 | VRAM: 0.48 GB | LR: 3.97e-04
  [Epoch 06/12] Batch 1000/1918 | Loss: 2.1380 | VRAM: 0.48 GB | LR: 3.97e-04
  [Epoch 06/12] Batch 1050/1918 | Loss: 2.1399 | VRAM: 0.48 GB | LR: 3.97e-04
  [Epoch 06/12] Batch 1100/1918 | Loss: 2.1411 | VRAM: 0.48 GB | LR: 3.97e-04
  [Epoch 06/12] Batch 1150/1918 | Loss: 2.1438 | VRAM: 0.48 GB | LR: 3.97e-04
  [Epoch 06/12] Batch 1200/1918 | Loss: 2.1468 | VRAM: 0.48 GB | LR: 3.97e-04
  [Epoch 06/12] Batch 1250/1918 | Loss: 2.1494 | VRAM: 0.48 GB | LR: 3.97e-04
  [Epoch 06/12] Batch 1300/1918 | Loss: 2.1508 | VRAM: 0.48 GB | LR: 3.97e-04
  [Epoch 06/12] Batch 1350/1918 | Loss: 2.1562 | VRAM: 0.48 GB | LR: 3.97e-04
  [Epoch 06/12] Batch 1400/1918 | Loss: 2.1562 | VRAM: 0.48 GB | LR: 3.97e-04
  [Epoch 06/12] Batch 1450/1918 | Loss: 2.1588 | VRAM: 0.48 GB | LR: 3.97e-04
  [Epoch 06/12] Batch 1500/1918 | Loss: 2.1597 | VRAM: 0.48 GB | LR: 3.97e-04
  [Epoch 06/12] Batch 1550/1918 | Loss: 2.1597 | VRAM: 0.48 GB | LR: 3.97e-04
  [Epoch 06/12] Batch 1600/1918 | Loss: 2.1615 | VRAM: 0.48 GB | LR: 3.97e-04
  [Epoch 06/12] Batch 1650/1918 | Loss: 2.1620 | VRAM: 0.48 GB | LR: 3.97e-04
  [Epoch 06/12] Batch 1700/1918 | Loss: 2.1617 | VRAM: 0.48 GB | LR: 3.97e-04
  [Epoch 06/12] Batch 1750/1918 | Loss: 2.1656 | VRAM: 0.48 GB | LR: 3.97e-04
  [Epoch 06/12] Batch 1800/1918 | Loss: 2.1656 | VRAM: 0.48 GB | LR: 3.97e-04
  [Epoch 06/12] Batch 1850/1918 | Loss: 2.1651 | VRAM: 0.48 GB | LR: 3.97e-04
  [Epoch 06/12] Batch 1900/1918 | Loss: 2.1661 | VRAM: 0.48 GB | LR: 3.97e-04
  [Epoch 06/12] Batch 1918/1918 | Loss: 2.1656 | VRAM: 0.48 GB | LR: 3.97e-04

>>> [EPOCH 06/12] COMPLETE | Avg Loss: 2.1656 | Time: 18.6 min | LR: 3.27e-04
  ==> [SNAPSHOT] Saved epoch checkpoint to checkpoint_epoch_06.pth
  [Epoch 07/12] Batch 0050/1918 | Loss: 2.1269 | VRAM: 0.48 GB | LR: 3.27e-04
  [Epoch 07/12] Batch 0100/1918 | Loss: 2.1367 | VRAM: 0.48 GB | LR: 3.27e-04
  [Epoch 07/12] Batch 0150/1918 | Loss: 2.1390 | VRAM: 0.48 GB | LR: 3.27e-04
  [Epoch 07/12] Batch 0200/1918 | Loss: 2.1612 | VRAM: 0.48 GB | LR: 3.27e-04
  [Epoch 07/12] Batch 0250/1918 | Loss: 2.1545 | VRAM: 0.48 GB | LR: 3.27e-04
  [Epoch 07/12] Batch 0300/1918 | Loss: 2.1510 | VRAM: 0.48 GB | LR: 3.27e-04
  [Epoch 07/12] Batch 0350/1918 | Loss: 2.1450 | VRAM: 0.48 GB | LR: 3.27e-04
  [Epoch 07/12] Batch 0400/1918 | Loss: 2.1511 | VRAM: 0.48 GB | LR: 3.27e-04
  [Epoch 07/12] Batch 0450/1918 | Loss: 2.1555 | VRAM: 0.48 GB | LR: 3.27e-04
  [Epoch 07/12] Batch 0500/1918 | Loss: 2.1605 | VRAM: 0.48 GB | LR: 3.27e-04
  [Epoch 07/12] Batch 0550/1918 | Loss: 2.1634 | VRAM: 0.48 GB | LR: 3.27e-04
  [Epoch 07/12] Batch 0600/1918 | Loss: 2.1669 | VRAM: 0.48 GB | LR: 3.27e-04
  [Epoch 07/12] Batch 0650/1918 | Loss: 2.1734 | VRAM: 0.48 GB | LR: 3.27e-04
  [Epoch 07/12] Batch 0700/1918 | Loss: 2.1784 | VRAM: 0.48 GB | LR: 3.27e-04
  [Epoch 07/12] Batch 0750/1918 | Loss: 2.1796 | VRAM: 0.48 GB | LR: 3.27e-04
  [Epoch 07/12] Batch 0800/1918 | Loss: 2.1819 | VRAM: 0.48 GB | LR: 3.27e-04
  [Epoch 07/12] Batch 0850/1918 | Loss: 2.1820 | VRAM: 0.48 GB | LR: 3.27e-04
  [Epoch 07/12] Batch 0900/1918 | Loss: 2.1855 | VRAM: 0.48 GB | LR: 3.27e-04
  [Epoch 07/12] Batch 0950/1918 | Loss: 2.1889 | VRAM: 0.48 GB | LR: 3.27e-04
  [Epoch 07/12] Batch 1000/1918 | Loss: 2.1903 | VRAM: 0.48 GB | LR: 3.27e-04
  [Epoch 07/12] Batch 1050/1918 | Loss: 2.1938 | VRAM: 0.48 GB | LR: 3.27e-04
  [Epoch 07/12] Batch 1100/1918 | Loss: 2.1918 | VRAM: 0.48 GB | LR: 3.27e-04
  [Epoch 07/12] Batch 1150/1918 | Loss: 2.1907 | VRAM: 0.48 GB | LR: 3.27e-04
  [Epoch 07/12] Batch 1200/1918 | Loss: 2.1949 | VRAM: 0.48 GB | LR: 3.27e-04
  [Epoch 07/12] Batch 1250/1918 | Loss: 2.1922 | VRAM: 0.48 GB | LR: 3.27e-04
  [Epoch 07/12] Batch 1300/1918 | Loss: 2.1878 | VRAM: 0.48 GB | LR: 3.27e-04
  [Epoch 07/12] Batch 1350/1918 | Loss: 2.1880 | VRAM: 0.48 GB | LR: 3.27e-04
  [Epoch 07/12] Batch 1400/1918 | Loss: 2.1879 | VRAM: 0.48 GB | LR: 3.27e-04
  [Epoch 07/12] Batch 1450/1918 | Loss: 2.1859 | VRAM: 0.48 GB | LR: 3.27e-04
  [Epoch 07/12] Batch 1500/1918 | Loss: 2.1857 | VRAM: 0.48 GB | LR: 3.27e-04
  [Epoch 07/12] Batch 1550/1918 | Loss: 2.1849 | VRAM: 0.48 GB | LR: 3.27e-04
  [Epoch 07/12] Batch 1600/1918 | Loss: 2.1828 | VRAM: 0.48 GB | LR: 3.27e-04
  [Epoch 07/12] Batch 1650/1918 | Loss: 2.1817 | VRAM: 0.48 GB | LR: 3.27e-04
  [Epoch 07/12] Batch 1700/1918 | Loss: 2.1820 | VRAM: 0.48 GB | LR: 3.27e-04
  [Epoch 07/12] Batch 1750/1918 | Loss: 2.1806 | VRAM: 0.48 GB | LR: 3.27e-04
  [Epoch 07/12] Batch 1800/1918 | Loss: 2.1803 | VRAM: 0.48 GB | LR: 3.27e-04
  [Epoch 07/12] Batch 1850/1918 | Loss: 2.1800 | VRAM: 0.48 GB | LR: 3.27e-04
  [Epoch 07/12] Batch 1900/1918 | Loss: 2.1794 | VRAM: 0.48 GB | LR: 3.27e-04
  [Epoch 07/12] Batch 1918/1918 | Loss: 2.1783 | VRAM: 0.48 GB | LR: 3.27e-04

>>> [EPOCH 07/12] COMPLETE | Avg Loss: 2.1783 | Time: 19.0 min | LR: 2.50e-04
  [Epoch 08/12] Batch 0050/1918 | Loss: 2.2055 | VRAM: 0.48 GB | LR: 2.50e-04
  [Epoch 08/12] Batch 0100/1918 | Loss: 2.1723 | VRAM: 0.48 GB | LR: 2.50e-04
  [Epoch 08/12] Batch 0150/1918 | Loss: 2.1734 | VRAM: 0.48 GB | LR: 2.50e-04
  [Epoch 08/12] Batch 0200/1918 | Loss: 2.1662 | VRAM: 0.48 GB | LR: 2.50e-04
  [Epoch 08/12] Batch 0250/1918 | Loss: 2.1876 | VRAM: 0.48 GB | LR: 2.50e-04
  [Epoch 08/12] Batch 0300/1918 | Loss: 2.1936 | VRAM: 0.48 GB | LR: 2.50e-04
  [Epoch 08/12] Batch 0350/1918 | Loss: 2.2047 | VRAM: 0.48 GB | LR: 2.50e-04
  [Epoch 08/12] Batch 0400/1918 | Loss: 2.1947 | VRAM: 0.48 GB | LR: 2.50e-04
  [Epoch 08/12] Batch 0450/1918 | Loss: 2.1981 | VRAM: 0.48 GB | LR: 2.50e-04
  [Epoch 08/12] Batch 0500/1918 | Loss: 2.1963 | VRAM: 0.48 GB | LR: 2.50e-04
  [Epoch 08/12] Batch 0550/1918 | Loss: 2.1997 | VRAM: 0.48 GB | LR: 2.50e-04
  [Epoch 08/12] Batch 0600/1918 | Loss: 2.1934 | VRAM: 0.48 GB | LR: 2.50e-04
  [Epoch 08/12] Batch 0650/1918 | Loss: 2.2005 | VRAM: 0.48 GB | LR: 2.50e-04
  [Epoch 08/12] Batch 0700/1918 | Loss: 2.1992 | VRAM: 0.48 GB | LR: 2.50e-04
  [Epoch 08/12] Batch 0750/1918 | Loss: 2.2018 | VRAM: 0.48 GB | LR: 2.50e-04
  [Epoch 08/12] Batch 0800/1918 | Loss: 2.1974 | VRAM: 0.48 GB | LR: 2.50e-04
  [Epoch 08/12] Batch 0850/1918 | Loss: 2.1899 | VRAM: 0.48 GB | LR: 2.50e-04
  [Epoch 08/12] Batch 0900/1918 | Loss: 2.1889 | VRAM: 0.48 GB | LR: 2.50e-04
  [Epoch 08/12] Batch 0950/1918 | Loss: 2.1861 | VRAM: 0.48 GB | LR: 2.50e-04
  [Epoch 08/12] Batch 1000/1918 | Loss: 2.1852 | VRAM: 0.48 GB | LR: 2.50e-04
  [Epoch 08/12] Batch 1050/1918 | Loss: 2.1871 | VRAM: 0.48 GB | LR: 2.50e-04
